,reward
0,-20
1,-20
2,-20
3,-15
4,-20
5,-15
6,-15
7,-15
8,-15
9,-30
10,-40
11,-30
12,-35
13,-30
14,-20
15,-20
16,-20
17,-20
18,-40
19,-40
20,-40
21,-40
22,-40
23,-35
24,-40
25,-40
26,-40
27,-40
28,-40
29,-40
30,-40
31,-40
32,-40
33,-30
34,-30
35,-40
36,-35
37,-35
38,-35
39,-35
40,-30
41,-35
42,-20
43,-40
44,-40
45,-25
46,-40
47,-20
48,-20
49,-30
50,-25
51,-20
52,-20
53,-25
54,-35
55,-40
56,-20
57,-30
58,0
59,-10
60,-40
61,-5
62,-10
63,0
64,0
65,-35
66,0
67,-30
68,0
69,-30
70,-10
71,-5
72,0
73,-10
74,-40
75,-10
76,0
77,-20
78,0
79,-20
80,-5
81,0
82,-40
83,-10
84,-15
85,0
86,-30
87,-40
88,-20
89,-40
90,-30
91,-15
92,-20
93,-40
94,-25
95,-40
96,-40
97,-40
98,-40
99,-35
100,-40
101,-40
102,-30
103,-40
104,-40
105,-35
106,-40
107,-35
108,-40
109,-40
110,-40
111,-35
112,-40
113,-40
114,-30
115,-35
116,-40
117,-35
118,-40
119,-40
120,-40
121,-40
122,-30
123,-35
124,-35
125,-35
126,-40
127,-30
128,-35
129,-40
130,-40
131,-40
132,-40
133,-40
134,-40
135,-30
136,-40
137,-40
138,-40
139,-35
140,-40
141,-35
142,-30
143,-40
144,-35
145,-40
146,-40
147,-35
148,-30
149,-30
150,-40
151,-35
152,-40
153,-30
154,-35
155,-35
156,-35
157,-35
158,-35
159,-40
160,-40
161,-40
162,-40
163,-30
164,-40
165,-40
166,-40
167,-40
168,-20
169,-40
170,-35
171,-40
172,-40
173,-40
174,-35
175,-40
176,-40
177,-40
178,-40
179,-40
180,-40
181,-40
182,-35
183,-35
184,-35
185,-40
186,-25
187,-40
188,-30
189,-40
190,-40
191,-35
192,-40
193,-30
194,-40
195,-40
196,-40
197,5
198,-35
199,-35
200,-40
201,-35
202,-40
203,-40
204,-40
205,-35
206,-35
207,-30
208,-40
209,-35
210,-25
211,-40
212,-40
213,-40
214,-40
215,-40
216,-35
217,-40
218,-40
219,-35
220,-35
221,-35
222,-40
223,-40
224,-40
225,-35
226,-40
227,-35
228,-30
229,-30
230,-35
231,-40
232,-30
233,-30
234,-40
235,-30
236,-35
237,-20
238,-30
239,-40
240,-35
241,-35
242,-40
243,-40
244,-40
245,-35
246,-35
247,-40
248,-40
249,-40
250,-35
251,-40
252,-30
253,-40
254,-40
255,-40
256,-35
257,-35
258,-35
259,-40
260,-35
261,-35
262,-40
263,-40
264,-40
265,-40
266,-35
267,-35
268,-40
269,-35
270,-35
271,-40
272,-35
273,-35
274,-40
275,-30
276,-40
277,-30
278,-30
279,-25
280,-40
281,-40
282,-35
283,-40
284,-40
285,-40
286,-40
287,-30
288,-40
289,-40
290,-40
291,-40
292,-40
293,-40
294,-40
295,-40
296,-40
297,-40
298,-40
299,-40
300,-40
301,-40
302,-40
303,-30
304,-40
305,-40
306,-40
307,-40
308,-40
309,-40
310,-40
311,-40
312,-40
313,-40
314,-40
315,-40
316,-40
317,-40
318,-40
319,-40
320,-40
321,-40
322,-40
323,-40
324,-40
325,-40
326,-35
327,-40
328,-40
329,-40
330,-40
331,-40
332,-40
333,-40
334,-40
335,-40
336,-40
337,-40
338,-40
339,-35
340,-40
341,-40
342,-40
343,-40
344,-40
345,-40
346,-40
347,-40
348,-30
349,-40
350,-30
351,-25
352,-35
353,-20
354,-25
355,-20
356,-25
357,-40
358,-30
359,-20
360,-25
361,-25
362,-40
363,-40
364,-40
365,-40
366,-40
367,-40
368,-40
369,-40
370,-40
371,-40
372,-40
373,-40
374,-30
375,-40
376,-40
377,-40
378,-40
379,-40
380,-40
381,-40
382,-40
383,-40
384,-40
385,-40
386,-40
387,-40
388,-40
389,-40
390,-40
391,-40
392,-40
393,-40
394,-40
395,-40
396,-40
397,-30
398,-40
399,-40
400,-40
401,-35
402,-40
403,-40
404,-40
405,-35
406,-40
407,-40
408,-40
409,-40
410,-40
411,-40
412,-40
413,-40
414,-40
415,-40
416,-40
417,-40
418,-40
419,-40
420,-35
421,-40
422,-40
423,-40
424,-40
425,-40
426,-40
427,-40
428,-40
429,-40
430,-40
431,5
432,-30
433,-30
434,-40
435,-40
436,-40
437,-30
438,-40
439,-35
440,-35
441,-40
442,-40
443,-40
444,-35
445,-40
446,-35
447,-40
448,5
449,-40
450,-40
451,-40
452,-40
453,-40
454,-40
455,-40
456,-40
457,-35
458,-40
459,-40
460,-40
461,-40
462,-40
463,-40
464,-40
465,-40
466,-40
467,-40
468,-40
469,-40
470,-40
471,-40
472,-40
473,-40
474,-40
475,-40
476,-40
477,-40
478,-40
479,-40
480,-35
481,-40
482,-40
483,-40
484,-40
485,-35
486,-40
487,5
488,-40
489,-40
490,-40
491,-40
492,5
493,-40
494,5
495,-40
496,-40
497,-40
498,-40
499,-40
500,-40
501,-35
502,-40
503,-40
504,-40
505,-35
506,-30
507,-40
508,-40
509,-30
510,-40
511,-30
512,-40
513,-35
514,-40
515,-40
516,-40
517,-20
518,-40
519,-35
520,-35
521,-40
522,-40
523,-40
524,-40
525,-40
526,-40
527,-40
528,-40
529,-40
530,-35
531,-40
532,-35
533,-40
534,-40
535,-40
536,-40
537,-40
538,-40
539,-40
540,-40
541,-40
542,-40
543,-40
544,-40
545,-35
546,-40
547,-40
548,-40
549,-40
550,-40
551,-40
552,-40
553,-40
554,-40
555,-40
556,-40
557,-40
558,-40
559,-40
560,-40
561,-35
562,-40
563,-40
564,-35
565,-40
566,-40
567,-40
568,-40
569,-40
570,-40
571,-40
572,-40
573,-40
574,-40
575,-40
576,-40
577,-40
578,-30
579,-40
580,-40
581,-40
582,-40
583,-40
584,-40
585,-40
586,-40
587,-30
588,-40
589,-40
590,-40
591,-40
592,-40
593,5
594,-40
595,-40
596,-40
597,-30
598,-40
599,-40
600,-40
601,-40
602,-40
603,-40
604,-40
605,-40
606,-40
607,-40
608,-40
609,-40
610,-35
611,-40
612,-40
613,-40
614,-40
615,-40
616,-40
617,-40
618,-40
619,-40
620,-40
621,-40
622,-40
623,-40
624,-40
625,-30
626,-40
627,-40
628,-40
629,-40
630,-40
631,-40
632,-35
633,-35
634,-40
635,-40
636,-40
637,-40
638,-40
639,-30
640,-40
641,-40
642,-40
643,-40
644,-35
645,-35
646,-40
647,-40
648,-40
649,-40
650,-40
651,-40
652,-40
653,-40
654,-40
655,-40
656,-40
657,-40
658,-40
659,-40
660,-40
661,-40
662,-40
663,-40
664,-35
665,-30
666,-35
667,-40
668,-40
669,-40
670,-40
671,-40
672,-35
673,-40
674,-40
675,-30
676,-40
677,-40
678,-40
679,-40
680,-40
681,-40
682,-40
683,-40
684,-40
685,-40
686,-40
687,-40
688,-40
689,-40
690,-40
691,-40
692,-35
693,-40
694,-40
695,-40
696,-40
697,-35
698,-40
699,-40
700,-40
701,-30
702,-40
703,-40
704,-40
705,-35
706,-30
707,-40
708,-40
709,-40
710,-40
711,-30
712,-25
713,-40
714,-40
715,-40
716,-40
717,-40
718,-40
719,-40
720,-40
721,-40
722,-40
723,-35
724,-40
725,-40
726,-40
727,-35
728,-40
729,-40
730,-35
731,-40
732,-40
733,-40
734,-40
735,-40
736,-40
737,-40
738,-40
739,-35
740,-40
741,-40
742,-40
743,-40
744,-40
745,-40
746,-30
747,-40
748,-40
749,-40
750,-40
751,-40
752,-40
753,-40
754,-40
755,-40
756,-40
757,-40
758,-30
759,-40
760,-40
761,-40
762,-40
763,-40
764,-40
765,-30
766,-40
767,-40
768,-40
769,-40
770,-40
771,-40
772,-40
773,-40
774,-35
775,-40
776,-40
777,-40
778,-40
779,-40
780,-35
781,-40
782,-40
783,-40
784,-40
785,-40
786,-40
787,-40
788,5
789,-40
790,-40
791,-40
792,-40
793,-40
794,-40
795,-40
796,-30
797,-35
798,-35
799,-40
800,-40
801,-40
802,-40
803,-40
804,-40
805,-40
806,-40
807,-40
808,-40
809,-40
810,-40
811,-40
812,-35
813,-35
814,-40
815,-40
816,-40
817,-30
818,-40
819,-40
820,-40
821,-40
822,-40
823,-30
824,-40
825,-40
826,-40
827,-40
828,-30
829,-40
830,-40
831,-40
832,-40
833,-40
834,-40
835,-30
836,-35
837,-40
838,-40
839,-40
840,-40
841,-40
842,-40
843,-40
844,-40
845,-40
846,-40
847,-40
848,-40
849,-40
850,-35
851,-40
852,-40
853,-40
854,-40
855,-20
856,-40
857,-40
858,-40
859,-40
860,-40
861,-40
862,-40
863,-40
864,-40
865,-40
866,-40
867,-40
868,-40
869,-40
870,-40
871,-40
872,-40
873,-35
874,-40
875,-40
876,-40
877,-35
878,-40
879,5
880,-40
881,-40
882,-30
883,-40
884,-40
885,-40
886,-40
887,-40
888,-40
889,-40
890,-40
891,-40
892,-40
893,-40
894,-40
895,-40
896,-40
897,-35
898,-40
899,-40
900,-40
901,-40
902,-40
903,-40
904,-40
905,-40
906,-40
907,-40
908,-40
909,-40
910,-40
911,-35
912,-40
913,5
914,-40
915,-35
916,-40
917,-40
918,-40
919,-40
920,-40
921,-40
922,-40
923,-40
924,-40
925,-40
926,-40
927,-40
928,-40
929,-40
930,-40
931,-40
932,-40
933,-40
934,-40
935,-40
936,-40
937,5
938,-40
939,-35
940,-40
941,-40
942,-40
943,-40
944,-40
945,-40
946,-40
947,-40
948,-40
949,-40
950,-40
951,-40
952,-40
953,-40
954,-40
955,-30
956,-40
957,-40
958,-40
959,-40
960,-40
961,-40
962,-40
963,-40
964,-40
965,-40
966,-40
967,-40
968,-40
969,-35
970,-40
971,-40
972,-40
973,-40
974,-40
975,-40
976,-40
977,-40
978,-35
979,-40
980,-40
981,-40
982,-40
983,-40
984,-40
985,-40
986,-40
987,-40
988,-40
989,-35
990,-40
991,-35
992,-35
993,-40
994,-40
995,-40
996,-40
997,-40
998,-30
999,-40
1000,-40
1001,-40
1002,-20
1003,-20
1004,-20
1005,-30
1006,-25
1007,-20
1008,-25
1009,-20
1010,-30
1011,-15
1012,-20
1013,-35
1014,-20
1015,-40
1016,-20
1017,-25
1018,-35
1019,-30
1020,-25
1021,-40
1022,-40
1023,-40
1024,-30
1025,-40
1026,-35
1027,-40
1028,-40
1029,-40
1030,-35
1031,-40
1032,-40
1033,-40
1034,-30
1035,-40
1036,-40
1037,-40
1038,-40
1039,-35
1040,-40
1041,-40
1042,-40
1043,-35
1044,-40
1045,-30
1046,-5
1047,-40
1048,-40
1049,-25
1050,-40
1051,-40
1052,-40
1053,-40
1054,-30
1055,-35
1056,-40
1057,-40
1058,-35
1059,-40
1060,-30
1061,-40
1062,-35
1063,-40
1064,-35
1065,-35
1066,-30
1067,-40
1068,-35
1069,-40
1070,-40
1071,-35
1072,-40
1073,-30
1074,-40
1075,-40
1076,-40
1077,-35
1078,-40
1079,-15
1080,-25
1081,-40
1082,-40
1083,-40
1084,-40
1085,-30
1086,-40
1087,-40
1088,-40
1089,-5
1090,-35
1091,-35
1092,-40
1093,-30
1094,-40
1095,-35
1096,-40
1097,-40
1098,-40
1099,-35
1100,-40
1101,-40
1102,-40
1103,-40
1104,-30
1105,-40
1106,-40
1107,-40
1108,-40
1109,-30
1110,-35
1111,-40
1112,-40
1113,-30
1114,-40
1115,-40
1116,-40
1117,-20
1118,-40
1119,-40
1120,-40
1121,-30
1122,-40
1123,-30
1124,-30
1125,-35
1126,-40
1127,-35
1128,-35
1129,-40
1130,-40
1131,-40
1132,-40
1133,-40
1134,-40
1135,-40
1136,-40
1137,-40
1138,-40
1139,-35
1140,-40
1141,-35
1142,-35
1143,-30
1144,-35
1145,-35
1146,-40
1147,-40
1148,-35
1149,-35
1150,-40
1151,-40
1152,-35
1153,-35
1154,-40
1155,-35
1156,-35
1157,-40
1158,-35
1159,-40
1160,-40
1161,-40
1162,-25
1163,-40
1164,-30
1165,-40
1166,-35
1167,-35
1168,-40
1169,-30
1170,-35
1171,-25
1172,-30
1173,-30
1174,-40
1175,-40
1176,-25
1177,5
1178,-40
1179,-35
1180,-35
1181,-40
1182,-35
1183,-40
1184,-40
1185,-40
1186,-40
1187,-35
1188,-40
1189,-40
1190,-40
1191,-30
1192,-40
1193,-40
1194,-40
1195,-40
1196,-40
1197,-20
1198,-40
1199,-40
1200,-40
1201,-20
1202,-40
1203,-40
1204,-40
1205,-40
1206,-40
1207,-30
1208,-40
1209,-40
1210,-40
1211,-40
1212,-35
1213,-40
1214,-40
1215,-30
1216,-40
1217,-40
1218,-40
1219,-35
1220,5
1221,-35
1222,-25
1223,-40
1224,-40
1225,-35
1226,-40
1227,-30
1228,-40
1229,-40
1230,-30
1231,-40
1232,-40
1233,-25
1234,-30
1235,-40
1236,-35
1237,-40
1238,-40
1239,-5
1240,-40
1241,-40
1242,-35
1243,-35
1244,-40
1245,-40
1246,-40
1247,-40
1248,-40
1249,-40
1250,-40
1251,-40
1252,-40
1253,-40
1254,0
1255,-5
1256,-40
1257,-40
1258,-40
1259,-40
1260,-35
1261,-40
1262,-40
1263,-40
1264,-40
1265,-40
1266,-40
1267,-40
1268,-40
1269,-40
1270,-40
1271,-40
1272,-40
1273,-35
1274,-30
1275,-40
1276,-40
1277,-35
1278,-30
1279,-40
1280,-40
1281,-30
1282,-40
1283,-40
1284,-30
1285,-40
1286,-30
1287,-30
1288,-40
1289,-40
1290,-30
1291,-40
1292,-40
1293,-40
1294,-30
1295,-40
1296,-40
1297,-40
1298,-30
1299,-40
1300,-40
1301,-35
1302,-40
1303,-40
1304,-40
1305,-30
1306,-40
1307,-35
1308,-30
1309,-40
1310,-40
1311,-20
1312,-40
1313,-40
1314,-40
1315,-30
1316,-35
1317,-40
1318,-35
1319,-40
1320,-40
1321,-35
1322,-30
1323,-35
1324,-25
1325,-35
1326,-40
1327,-35
1328,-30
1329,-40
1330,-40
1331,-25
1332,-40
1333,-30
1334,-40
1335,-40
1336,-40
1337,-35
1338,-35
1339,-5
1340,-40
1341,-15
1342,-20
1343,-40
1344,-40
1345,-35
1346,-30
1347,-40
1348,-40
1349,-40
1350,-40
1351,-30
1352,-35
1353,-35
1354,-40
1355,-40
1356,-40
1357,-40
1358,-40
1359,-40
1360,-40
1361,-40
1362,-40
1363,-40
1364,-40
1365,-40
1366,-35
1367,-40
1368,-40
1369,-35
1370,-35
1371,-40
1372,-40
1373,-40
1374,-40
1375,-35
1376,-25
1377,-40
1378,-40
1379,-40
1380,-40
1381,-40
1382,-40
1383,-35
1384,-40
1385,-40
1386,-40
1387,-40
1388,-40
1389,-30
1390,0
1391,-40
1392,-40
1393,-35
1394,-40
1395,-30
1396,-40
1397,-40
1398,-30
1399,-40
1400,-40
1401,-35
1402,-40
1403,-35
1404,-35
1405,-35
1406,-30
1407,-40
1408,-40
1409,-40
1410,-40
1411,-35
1412,-35
1413,-35
1414,-40
1415,-40
1416,-40
1417,-30
1418,-30
1419,-40
1420,-25
1421,-40
1422,-40
1423,-40
1424,-35
1425,-40
1426,-30
1427,-35
1428,-40
1429,-40
1430,-40
1431,-35
1432,-40
1433,-40
1434,-35
1435,-40
1436,-5
1437,-40
1438,-35
1439,-30
1440,-40
1441,-40
1442,-40
1443,-35
1444,-30
1445,-40
1446,-40
1447,-35
1448,-40
1449,-40
1450,-30
1451,-35
1452,-40
1453,-40
1454,-40
1455,-20
1456,-35
1457,-25
1458,-30
1459,-40
1460,-30
1461,-40
1462,-40
1463,-40
1464,-40
1465,-25
1466,-30
1467,-40
1468,-35
1469,-40
1470,-40
1471,-40
1472,-30
1473,-40
1474,-40
1475,-30
1476,-30
1477,-40
1478,-40
1479,-15
1480,-40
1481,-40
1482,-40
1483,-40
1484,-40
1485,-40
1486,-40
1487,-40
1488,-40
1489,-40
1490,-40
1491,-35
1492,-35
1493,-40
1494,-40
1495,-40
1496,-40
1497,-35
1498,-40
1499,-30
1500,-20
1501,-40
1502,-30
1503,-40
1504,-35
1505,-40
1506,-40
1507,-40
1508,-35
1509,-40
1510,-40
1511,-35
1512,-40
1513,-40
1514,-35
1515,-40
1516,-40
1517,-15
1518,-40
1519,-30
1520,-40
1521,-35
1522,-40
1523,-40
1524,-40
1525,-40
1526,-40
1527,-40
1528,-30
1529,-15
1530,-40
1531,-35
1532,-40
1533,-40
1534,-40
1535,-40
1536,-35
1537,-40
1538,-40
1539,-40
1540,-30
1541,-40
1542,-30
1543,-30
1544,-35
1545,-35
1546,-40
1547,-30
1548,-40
1549,-35
1550,-40
1551,-40
1552,-30
1553,-40
1554,-40
1555,-40
1556,-40
1557,-40
1558,-30
1559,5
1560,-25
1561,-35
1562,-35
1563,-30
1564,-30
1565,-35
1566,-40
1567,-35
1568,-40
1569,-40
1570,-30
1571,-30
1572,-40
1573,-40
1574,-40
1575,-40
1576,-40
1577,-40
1578,-40
1579,-40
1580,-40
1581,-30
1582,-30
1583,-40
1584,-20
1585,-40
1586,-40
1587,-30
1588,-40
1589,5
1590,-40
1591,-40
1592,-30
1593,-40
1594,-30
1595,-35
1596,-35
1597,-35
1598,-30
1599,-35
1600,-40
1601,-30
1602,-40
1603,-40
1604,-40
1605,-35
1606,-40
1607,-40
1608,-40
1609,-30
1610,-25
1611,-40
1612,-40
1613,-40
1614,-25
1615,-30
1616,-40
1617,-40
1618,-40
1619,-30
1620,-40
1621,-35
1622,-40
1623,-30
1624,-40
1625,-40
1626,-30
1627,-35
1628,-40
1629,-40
1630,-40
1631,-40
1632,-40
1633,-35
1634,-40
1635,-30
1636,-40
1637,-35
1638,-35
1639,-30
1640,-40
1641,-40
1642,-40
1643,-35
1644,-40
1645,-40
1646,-30
1647,-30
1648,-40
1649,-40
1650,-40
1651,-40
1652,-40
1653,-30
1654,-40
1655,-40
1656,-40
1657,-35
1658,-40
1659,-35
1660,-40
1661,-40
1662,-40
1663,-20
1664,-40
1665,-40
1666,-40
1667,-30
1668,-40
1669,-30
1670,-40
1671,-20
1672,-40
1673,-35
1674,-30
1675,-40
1676,-35
1677,-40
1678,-35
1679,-40
1680,-30
1681,-40
1682,-40
1683,-40
1684,-35
1685,-40
1686,-35
1687,-40
1688,-40
1689,-35
1690,-40
1691,-35
1692,-30
1693,-40
1694,-40
1695,-30
1696,-40
1697,-30
1698,-40
1699,-40
1700,-35
1701,-40
1702,-40
1703,-40
1704,-40
1705,-40
1706,5
1707,-35
1708,-40
1709,5
1710,-30
1711,-40
1712,-40
1713,5
1714,-40
1715,-35
1716,-40
1717,-40
1718,-40
1719,-40
1720,5
1721,-40
1722,-40
1723,-40
1724,-35
1725,-40
1726,-40
1727,-40
1728,-40
1729,-40
1730,-35
1731,-5
1732,-35
1733,-40
1734,-40
1735,-40
1736,-35
1737,-40
1738,-40
1739,-25
1740,-30
1741,-40
1742,-40
1743,-40
1744,-35
1745,-35
1746,-30
1747,-40
1748,-40
1749,-30
1750,-35
1751,-30
1752,-40
1753,-30
1754,-35
1755,-30
1756,-40
1757,-40
1758,-40
1759,-30
1760,-40
1761,-35
1762,-35
1763,-40
1764,-40
1765,-40
1766,-30
1767,-40
1768,-40
1769,-40
1770,-40
1771,-30
1772,-5
1773,-40
1774,-40
1775,-30
1776,-35
1777,-25
1778,-40
1779,-40
1780,-40
1781,-35
1782,-40
1783,-35
1784,-40
1785,-40
1786,-35
1787,-35
1788,-40
1789,-40
1790,5
1791,-35
1792,-40
1793,-20
1794,-40
1795,-30
1796,-30
1797,-35
1798,-40
1799,-35
1800,-40
1801,-40
1802,-30
1803,-40
1804,-40
1805,-40
1806,-40
1807,-40
1808,-40
1809,-40
1810,-40
1811,-40
1812,-40
1813,-40
1814,-40
1815,-40
1816,-35
1817,-30
1818,-40
1819,-40
1820,-30
1821,-40
1822,-40
1823,-20
1824,-40
1825,-20
1826,-40
1827,-30
1828,-40
1829,-40
1830,-30
1831,-30
1832,-40
1833,-40
1834,-40
1835,-40
1836,-40
1837,-30
1838,-35
1839,-30
1840,-40
1841,-40
1842,-35
1843,-35
1844,-40
1845,-35
1846,-40
1847,-40
1848,-25
1849,-40
1850,-40
1851,-40
1852,-40
1853,-30
1854,-40
1855,-40
1856,-40
1857,-40
1858,-40
1859,-5
1860,-40
1861,-30
1862,-40
1863,-30
1864,-35
1865,-40
1866,-30
1867,-40
1868,-35
1869,-40
1870,-40
1871,-40
1872,-40
1873,-40
1874,-30
1875,-35
1876,-40
1877,-40
1878,-35
1879,-30
1880,-40
1881,-40
1882,-35
1883,-40
1884,-40
1885,-40
1886,-40
1887,-35
1888,-40
1889,-40
1890,-40
1891,-30
1892,-40
1893,-30
1894,5
1895,-40
1896,-40
1897,-30
1898,-40
1899,-30
1900,-40
1901,-40
1902,-35
1903,-35
1904,-40
1905,-40
1906,-30
1907,-40
1908,-40
1909,-25
1910,-40
1911,-35
1912,-40
1913,-40
1914,-40
1915,-40
1916,-35
1917,-30
1918,-35
1919,-40
1920,-40
1921,-35
1922,-40
1923,-40
1924,-40
1925,-40
1926,-25
1927,-40
1928,-35
1929,-40
1930,-30
1931,-40
1932,-40
1933,-40
1934,-40
1935,-40
1936,-40
1937,-25
1938,-35
1939,-40
1940,-40
1941,-30
1942,-40
1943,-40
1944,-40
1945,5
1946,-40
1947,-40
1948,-35
1949,-35
1950,-25
1951,-30
1952,-40
1953,-35
1954,-30
1955,-40
1956,-35
1957,-35
1958,-35
1959,-40
1960,-40
1961,-35
1962,-40
1963,-35
1964,-40
1965,-40
1966,-30
1967,-40
1968,-40
1969,-40
1970,-40
1971,-40
1972,-40
1973,-40
1974,-40
1975,-35
1976,-35
1977,-40
1978,-35
1979,-35
1980,-35
1981,-40
1982,-40
1983,-40
1984,-40
1985,-40
1986,-40
1987,-40
1988,-40
1989,-20
1990,-40
1991,-40
1992,-40
1993,-35
1994,-40
1995,-30
1996,-40
1997,-30
1998,-40
1999,-40
2000,-35
2001,-35
2002,-40
2003,-30
2004,-40
2005,-40
2006,-35
2007,-40
2008,-40
2009,-40
2010,-40
2011,-10
2012,-35
2013,-35
2014,-40
2015,-40
2016,-40
2017,-40
2018,-30
2019,-40
2020,-40
2021,-15
2022,-30
2023,-20
2024,-40
2025,-40
2026,-40
2027,-40
2028,-30
2029,-30
2030,-35
2031,-40
2032,-40
2033,-40
2034,-40
2035,-40
2036,-30
2037,-40
2038,-35
2039,-35
2040,-40
2041,-20
2042,-35
2043,-35
2044,-30
2045,-40
2046,-40
2047,-35
2048,-40
2049,-25
2050,-40
2051,-35
2052,-35
2053,-40
2054,-35
2055,-40
2056,-40
2057,-40
2058,-40
2059,-40
2060,-40
2061,-40
2062,-35
2063,-40
2064,-40
2065,-40
2066,-40
2067,-40
2068,-40
2069,-40
2070,-40
2071,-40
2072,-40
2073,-40
2074,0
2075,-35
2076,-30
2077,-40
2078,-40
2079,-40
2080,-40
2081,-40
2082,-35
2083,-40
2084,-25
2085,-40
2086,-35
2087,-35
2088,-35
2089,-35
2090,-35
2091,-35
2092,-40
2093,-35
2094,-40
2095,-40
2096,-40
2097,-30
2098,-35
2099,-40
2100,-40
2101,-40
2102,-40
2103,-40
2104,-40
2105,-40
2106,-40
2107,-40
2108,-40
2109,-25
2110,-40
2111,-40
2112,-30
2113,-40
2114,-40
2115,-40
2116,-30
2117,-40
2118,-40
2119,-25
2120,-35
2121,-40
2122,-40
2123,-40
2124,-35
2125,-40
2126,-35
2127,-40
2128,-40
2129,-40
2130,-40
2131,-40
2132,-30
2133,-40
2134,-30
2135,-40
2136,-35
2137,-40
2138,-30
2139,-30
2140,-30
2141,-5
2142,-30
2143,-40
2144,-35
2145,-40
2146,-40
2147,-30
2148,-35
2149,-40
2150,-35
2151,-40
2152,-30
2153,-35
2154,-40
2155,-35
2156,-40
2157,-40
2158,-25
2159,-40
2160,-40
2161,-40
2162,-35
2163,-40
2164,-40
2165,-35
2166,-40
2167,-40
2168,-40
2169,-40
2170,-40
2171,-35
2172,-35
2173,-40
2174,-30
2175,-35
2176,-35
2177,-35
2178,-30
2179,-40
2180,-40
2181,-40
2182,-40
2183,-35
2184,-30
2185,-30
2186,-35
2187,-30
2188,-25
2189,-40
2190,-40
2191,-40
2192,-40
2193,-40
2194,-40
2195,-40
2196,-40
2197,-35
2198,-40
2199,-40
2200,-35
2201,-35
2202,-40
2203,-40
2204,-40
2205,-40
2206,-30
2207,-30
2208,-35
2209,-40
2210,-40
2211,-30
2212,-35
2213,-35
2214,-35
2215,-40
2216,-40
2217,-35
2218,-30
2219,-40
2220,-40
2221,-30
2222,-40
2223,-40
2224,-40
2225,-35
2226,-40
2227,-40
2228,-40
2229,-40
2230,-40
2231,-40
2232,-40
2233,-40
2234,-40
2235,-35
2236,-35
2237,-40
2238,-40
2239,-40
2240,-40
2241,-40
2242,-30
2243,-25
2244,-40
2245,-35
2246,-40
2247,-35
2248,-35
2249,-40
2250,-40
2251,-35
2252,-40
2253,-30
2254,-35
2255,-35
2256,-30
2257,-40
2258,-35
2259,-40
2260,-40
2261,-40
2262,-40
2263,-30
2264,-40
2265,-40
2266,-30
2267,-40
2268,-40
2269,-30
2270,-30
2271,-30
2272,-35
2273,-40
2274,-30
2275,-40
2276,-40
2277,-40
2278,-40
2279,-30
2280,-40
2281,-35
2282,-40
2283,-40
2284,-40
2285,-35
2286,-40
2287,-40
2288,-40
2289,-30
2290,-40
2291,-35
2292,-40
2293,-25
2294,-40
2295,-35
2296,-25
2297,-40
2298,-30
2299,-40
2300,-40
2301,-40
2302,-30
2303,-40
2304,-30
2305,-40
2306,-25
2307,-40
2308,-35
2309,-35
2310,-35
2311,-40
2312,-40
2313,-40
2314,-40
2315,-40
2316,-30
2317,-40
2318,-40
2319,-35
2320,-40
2321,-30
2322,-40
2323,-40
2324,-40
2325,-40
2326,-40
2327,-40
2328,-40
2329,-35
2330,-40
2331,-40
2332,-40
2333,-40
2334,-35
2335,-40
2336,-30
2337,-40
2338,-40
2339,-40
2340,-40
2341,-35
2342,-40
2343,-40
2344,-40
2345,-40
2346,-40
2347,-40
2348,-40
2349,-40
2350,-30
2351,-40
2352,-40
2353,-40
2354,-35
2355,-40
2356,-40
2357,-30
2358,-30
2359,-40
2360,-40
2361,-30
2362,-40
2363,-35
2364,-35
2365,-40
2366,-40
2367,-25
2368,-30
2369,-40
2370,-35
2371,-40
2372,-40
2373,-30
2374,-40
2375,-35
2376,-30
2377,-35
2378,-35
2379,-40
2380,-35
2381,-25
2382,-40
2383,-30
2384,-40
2385,-30
2386,-40
2387,-35
2388,-30
2389,-40
2390,-35
2391,-35
2392,-40
2393,-40
2394,-40
2395,-35
2396,-35
2397,-35
2398,-35
2399,-40
2400,-40
2401,-40
2402,-30
2403,-40
2404,-40
2405,-40
2406,-40
2407,-40
2408,-35
2409,-40
2410,-40
2411,-40
2412,-40
2413,-40
2414,-35
2415,-40
2416,-40
2417,-40
2418,-40
2419,-25
2420,-40
2421,-30
2422,-40
2423,-40
2424,-15
2425,-30
2426,-40
2427,-40
2428,-35
2429,-40
2430,-40
2431,-40
2432,-40
2433,-40
2434,-40
2435,-35
2436,-30
2437,-40
2438,-40
2439,-40
2440,-40
2441,-40
2442,-40
2443,-40
2444,-40
2445,-35
2446,-20
2447,-40
2448,-40
2449,-30
2450,-40
2451,-35
2452,-40
2453,-35
2454,-40
2455,-35
2456,-40
2457,-30
2458,-40
2459,-40
2460,-35
2461,-40
2462,-20
2463,-25
2464,-30
2465,-30
2466,-35
2467,-40
2468,-40
2469,-40
2470,-35
2471,-40
2472,-30
2473,-40
2474,-40
2475,-40
2476,-35
2477,-40
2478,-40
2479,-30
2480,-35
2481,-40
2482,-35
2483,-35
2484,-30
2485,-40
2486,-40
2487,-40
2488,-40
2489,-40
2490,-40
2491,-40
2492,-40
2493,-30
2494,-35
2495,-40
2496,-35
2497,-40
2498,-40
2499,-30
2500,-35
2501,-35
2502,-40
2503,-40
2504,-30
2505,-40
2506,-35
2507,-40
2508,-40
2509,-30
2510,-30
2511,-40
2512,-15
2513,-20
2514,-35
2515,-40
2516,-40
2517,-40
2518,-35
2519,-35
2520,-35
2521,-40
2522,-40
2523,-40
2524,-40
2525,-35
2526,-40
2527,-35
2528,-40
2529,-40
2530,-40
2531,-40
2532,-40
2533,-30
2534,-40
2535,-25
2536,-40
2537,-40
2538,-30
2539,-30
2540,-15
2541,-40
2542,-40
2543,-35
2544,-40
2545,-40
2546,-40
2547,-40
2548,-35
2549,-35
2550,-35
2551,5
2552,-35
2553,-30
2554,-30
2555,-40
2556,-40
2557,-40
2558,-40
2559,-35
2560,-40
2561,-40
2562,-40
2563,-40
2564,-30
2565,-35
2566,-35
2567,-40
2568,-35
2569,-35
2570,-40
2571,-40
2572,-40
2573,-40
2574,-30
2575,-35
2576,-25
2577,-40
2578,-35
2579,-40
2580,-35
2581,-40
2582,-40
2583,-25
2584,-30
2585,-30
2586,-40
2587,-35
2588,-40
2589,-40
2590,-40
2591,-35
2592,-40
2593,-40
2594,-40
2595,-40
2596,-40
2597,-40
2598,-40
2599,-40
2600,-40
2601,-40
2602,-40
2603,-25
2604,-35
2605,-30
2606,-35
2607,-35
2608,-30
2609,-35
2610,-40
2611,-30
2612,-40
2613,-40
2614,-40
2615,-40
2616,-40
2617,-40
2618,-40
2619,-35
2620,-40
2621,-40
2622,-30
2623,-40
2624,-35
2625,-40
2626,-35
2627,-35
2628,-30
2629,-40
2630,-40
2631,-35
2632,-20
2633,-40
2634,-35
2635,-40
2636,-30
2637,-40
2638,-30
2639,-40
2640,-40
2641,-40
2642,-40
2643,-35
2644,-35
2645,-40
2646,-30
2647,-40
2648,-35
2649,-40
2650,-35
2651,-35
2652,-40
2653,-40
2654,-35
2655,-40
2656,-40
2657,-40
2658,-40
2659,-40
2660,-30
2661,-35
2662,-35
2663,-25
2664,-40
2665,-40
2666,-40
2667,-40
2668,-35
2669,-30
2670,-40
2671,-40
2672,-40
2673,-40
2674,-25
2675,-40
2676,-40
2677,-30
2678,-40
2679,-40
2680,-40
2681,-40
2682,-40
2683,-35
2684,-35
2685,-35
2686,-40
2687,-40
2688,-40
2689,-35
2690,-30
2691,-40
2692,-35
2693,-30
2694,-30
2695,-35
2696,-40
2697,-30
2698,-40
2699,-40
2700,-30
2701,-40
2702,-40
2703,-40
2704,-40
2705,-30
2706,-40
2707,-40
2708,-35
2709,-40
2710,-40
2711,-40
2712,-40
2713,-30
2714,-40
2715,-40
2716,-40
2717,-40
2718,-35
2719,-25
2720,-25
2721,-40
2722,-30
2723,-35
2724,-35
2725,-40
2726,-30
2727,-40
2728,-40
2729,-40
2730,-40
2731,-40
2732,-40
2733,-40
2734,-40
2735,-35
2736,-40
2737,-40
2738,-40
2739,-35
2740,-35
2741,-40
2742,-35
2743,-40
2744,-40
2745,-35
2746,-15
2747,-35
2748,-40
2749,-40
2750,-30
2751,-40
2752,-35
2753,-35
2754,-40
2755,-40
2756,-40
2757,-40
2758,-40
2759,-40
2760,-35
2761,-40
2762,-40
2763,-40
2764,-25
2765,-40
2766,-40
2767,-40
2768,-40
2769,-40
2770,-40
2771,-15
2772,-35
2773,-30
2774,-40
2775,-40
2776,-40
2777,-40
2778,-35
2779,-15
2780,-40
2781,-40
2782,-30
2783,5
2784,-35
2785,-40
2786,-40
2787,-25
2788,-35
2789,-40
2790,-15
2791,-40
2792,-40
2793,-40
2794,-40
2795,-40
2796,-40
2797,-40
2798,-35
2799,-35
2800,-35
2801,-40
2802,-40
2803,5
2804,-40
2805,-35
2806,-40
2807,-40
2808,-40
2809,-40
2810,-40
2811,-30
2812,-30
2813,-40
2814,-40
2815,-40
2816,-35
2817,-40
2818,-40
2819,-40
2820,-40
2821,-30
2822,-40
2823,-40
2824,-35
2825,-30
2826,-40
2827,-40
2828,-25
2829,-40
2830,-40
2831,-30
2832,-40
2833,-40
2834,-40
2835,-40
2836,-40
2837,-35
2838,-40
2839,-40
2840,-40
2841,-40
2842,-40
2843,-40
2844,-40
2845,-30
2846,-30
2847,-35
2848,-40
2849,-40
2850,-35
2851,-40
2852,-35
2853,-40
2854,-40
2855,-40
2856,-40
2857,-40
2858,-30
2859,-40
2860,-40
2861,-40
2862,-40
2863,-40
2864,-40
2865,-30
2866,-40
2867,-30
2868,-35
2869,-40
2870,-35
2871,-35
2872,-30
2873,-30
2874,-35
2875,-40
2876,-35
2877,-40
2878,-40
2879,-40
2880,-30
2881,-35
2882,-30
2883,-40
2884,-40
2885,-40
2886,-30
2887,-40
2888,-35
2889,-25
2890,-20
2891,-40
2892,-40
2893,-30
2894,-40
2895,-40
2896,-40
2897,-35
2898,-40
2899,-40
2900,-40
2901,-30
2902,-40
2903,-35
2904,-30
2905,-40
2906,-35
2907,-40
2908,-40
2909,-35
2910,-40
2911,-35
2912,-40
2913,-40
2914,-40
2915,-35
2916,-40
2917,-40
2918,-35
2919,-40
2920,-40
2921,-40
2922,-40
2923,-40
2924,-40
2925,-35
2926,-40
2927,-30
2928,-40
2929,-40
2930,-30
2931,-35
2932,-25
2933,-30
2934,-25
2935,-35
2936,-40
2937,-35
2938,-35
2939,-30
2940,-30
2941,-30
2942,-35
2943,-35
2944,-35
2945,-35
2946,-40
2947,-35
2948,-40
2949,-40
2950,-20
2951,-40
2952,-40
2953,-40
2954,-40
2955,-40
2956,-40
2957,-35
2958,-35
2959,-40
2960,-40
2961,-40
2962,-35
2963,-40
2964,-40
2965,-35
2966,-40
2967,-40
2968,-30
2969,-40
2970,-35
2971,-40
2972,-40
2973,-40
2974,-5
2975,-40
2976,-40
2977,-35
2978,-35
2979,-40
2980,-40
2981,-40
2982,-40
2983,-40
2984,-40
2985,-40
2986,-30
2987,-40
2988,-15
2989,-40
2990,-40
2991,-35
2992,-40
2993,-25
2994,-40
2995,-20
2996,-40
2997,-40
2998,-35
2999,-40
3000,-40
3001,-40
3002,-40
3003,-40
3004,-35
3005,-30
3006,-30
3007,-40
3008,-35
3009,-40
3010,-40
3011,-40
3012,-30
3013,-35
3014,-40
3015,-40
3016,-35
3017,-40
3018,-40
3019,-35
3020,-20
3021,-40
3022,-40
3023,-40
3024,-40
3025,-40
3026,-30
3027,-40
3028,-40
3029,-40
3030,-30
3031,-40
3032,-35
3033,-40
3034,-40
3035,-40
3036,-35
3037,-40
3038,-40
3039,-40
3040,-40
3041,-40
3042,-40
3043,-40
3044,-40
3045,-40
3046,-40
3047,-35
3048,-40
3049,-40
3050,-40
3051,-25
3052,-30
3053,-40
3054,-40
3055,-35
3056,-40
3057,-40
3058,-40
3059,-40
3060,-30
3061,-40
3062,-40
3063,-30
3064,-40
3065,-35
3066,-30
3067,-40
3068,-15
3069,-20
3070,-40
3071,-40
3072,-35
3073,-35
3074,-40
3075,-40
3076,-40
3077,-40
3078,-35
3079,-30
3080,-40
3081,-40
3082,-40
3083,-40
3084,-40
3085,-40
3086,-35
3087,-30
3088,-35
3089,-40
3090,-40
3091,-35
3092,-40
3093,-35
3094,-40
3095,-30
3096,-40
3097,5
3098,-40
3099,-40
3100,-40
3101,-40
3102,-40
3103,-30
3104,-40
3105,-40
3106,-40
3107,-40
3108,-30
3109,-40
3110,-30
3111,-30
3112,-40
3113,-40
3114,-40
3115,-40
3116,-40
3117,-40
3118,-35
3119,-40
3120,-40
3121,-40
3122,-40
3123,-40
3124,5
3125,-40
3126,-40
3127,-40
3128,-40
3129,-40
3130,-40
3131,-40
3132,-30
3133,-40
3134,-35
3135,-25
3136,-40
3137,-30
3138,-35
3139,-40
3140,-30
3141,-35
3142,-40
3143,-40
3144,-40
3145,5
3146,-40
3147,-40
3148,-35
3149,-35
3150,-30
3151,-30
3152,-40
3153,-40
3154,-30
3155,-40
3156,-40
3157,-40
3158,-35
3159,-40
3160,-30
3161,-40
3162,-40
3163,-40
3164,-35
3165,-35
3166,-40
3167,-40
3168,-35
3169,-40
3170,-35
3171,-35
3172,-40
3173,5
3174,-35
3175,-40
3176,-40
3177,-30
3178,-35
3179,-30
3180,-30
3181,-40
3182,-40
3183,-20
3184,-40
3185,-15
3186,-40
3187,-35
3188,5
3189,-30
3190,-40
3191,-35
3192,-35
3193,-40
3194,-40
3195,-35
3196,-40
3197,-40
3198,-35
3199,-35
3200,-30
3201,-35
3202,-40
3203,-40
3204,-40
3205,-40
3206,-40
3207,-35
3208,-30
3209,-40
3210,-40
3211,-40
3212,-25
3213,-40
3214,-40
3215,-40
3216,-40
3217,-40
3218,-35
3219,-40
3220,-35
3221,-40
3222,-40
3223,-30
3224,-30
3225,-30
3226,-40
3227,-40
3228,-40
3229,-5
3230,-35
3231,-40
3232,-40
3233,-35
3234,-35
3235,-40
3236,-40
3237,-35
3238,-35
3239,-35
3240,-35
3241,-30
3242,-40
3243,-40
3244,-40
3245,-40
3246,-40
3247,-40
3248,-40
3249,-40
3250,-40
3251,-40
3252,-30
3253,-40
3254,-40
3255,-40
3256,-40
3257,-40
3258,-40
3259,-40
3260,-40
3261,-40
3262,-35
3263,-40
3264,-40
3265,-40
3266,-40
3267,-30
3268,-40
3269,-30
3270,-40
3271,-40
3272,-40
3273,-40
3274,-35
3275,-40
3276,-40
3277,-35
3278,-40
3279,-40
3280,-30
3281,-40
3282,-5
3283,-40
3284,-40
3285,-40
3286,-40
3287,-40
3288,-35
3289,-30
3290,-40
3291,-40
3292,-40
3293,-40
3294,-35
3295,-40
3296,-40
3297,-40
3298,-40
3299,-35
3300,-40
3301,-40
3302,-40
3303,-40
3304,-5
3305,-40
3306,-25
3307,-40
3308,-35
3309,-40
3310,-40
3311,-40
3312,-40
3313,-35
3314,-40
3315,-35
3316,-40
3317,-35
3318,-5
3319,-25
3320,-35
3321,-25
3322,-35
3323,-40
3324,-30
3325,-40
3326,-40
3327,-35
3328,-40
3329,-40
3330,-40
3331,-40
3332,-30
3333,-35
3334,-40
3335,-40
3336,-40
3337,-40
3338,-35
3339,-40
3340,-40
3341,-40
3342,-40
3343,-40
3344,-30
3345,-40
3346,-35
3347,-20
3348,-40
3349,-40
3350,-40
3351,-40
3352,-40
3353,-40
3354,-40
3355,0
3356,-40
3357,-40
3358,-35
3359,-40
3360,-40
3361,-40
3362,-40
3363,-5
3364,-15
3365,-30
3366,-40
3367,-40
3368,-35
3369,-40
3370,-40
3371,-30
3372,-35
3373,-35
3374,-40
3375,-40
3376,-40
3377,-35
3378,-40
3379,-35
3380,-30
3381,-40
3382,-40
3383,-40
3384,-35
3385,-40
3386,-40
3387,-40
3388,-40
3389,-40
3390,-35
3391,-40
3392,-35
3393,-40
3394,-40
3395,-40
3396,-40
3397,-40
3398,-40
3399,-35
3400,-40
3401,-30
3402,-40
3403,-25
3404,5
3405,-40
3406,-40
3407,-20
3408,-40
3409,-40
3410,-40
3411,-40
3412,-35
3413,-30
3414,-40
3415,-35
3416,-35
3417,-40
3418,-40
3419,-40
3420,-40
3421,-40
3422,-40
3423,-40
3424,-40
3425,-40
3426,-40
3427,-40
3428,-25
3429,-30
3430,-35
3431,-40
3432,-40
3433,-30
3434,-40
3435,-40
3436,-40
3437,-35
3438,-40
3439,-40
3440,-40
3441,-40
3442,-40
3443,-40
3444,-35
3445,-20
3446,-40
3447,-35
3448,-40
3449,-40
3450,-30
3451,-40
3452,-30
3453,-40
3454,-30
3455,-30
3456,-35
3457,-30
3458,-40
3459,-30
3460,-40
3461,-40
3462,-35
3463,-40
3464,-35
3465,-30
3466,-40
3467,-35
3468,-30
3469,-40
3470,-40
3471,-40
3472,-40
3473,-40
3474,-40
3475,-40
3476,-40
3477,-40
3478,-35
3479,-40
3480,-35
3481,-30
3482,-30
3483,-40
3484,-15
3485,-40
3486,-40
3487,-25
3488,-30
3489,-40
3490,-40
3491,-25
3492,-40
3493,-40
3494,-40
3495,-40
3496,-35
3497,-35
3498,-40
3499,-40
3500,-40
3501,-40
3502,-35
3503,-40
3504,-35
3505,-40
3506,-30
3507,-40
3508,-40
3509,-40
3510,-40
3511,-40
3512,-40
3513,-20
3514,-35
3515,-35
3516,-35
3517,-15
3518,-30
3519,-40
3520,-40
3521,-35
3522,-40
3523,-40
3524,-40
3525,-40
3526,-35
3527,-35
3528,5
3529,-35
3530,-40
3531,-40
3532,-40
3533,-40
3534,-30
3535,-40
3536,-40
3537,-40
3538,-40
3539,-35
3540,-30
3541,-20
3542,-40
3543,-40
3544,-35
3545,-40
3546,-40
3547,-40
3548,-40
3549,-35
3550,-40
3551,-40
3552,-40
3553,-35
3554,-35
3555,-40
3556,-40
3557,5
3558,-40
3559,-40
3560,-35
3561,-40
3562,-35
3563,-20
3564,-40
3565,-40
3566,-40
3567,-35
3568,-40
3569,-40
3570,-40
3571,-40
3572,-40
3573,-30
3574,-35
3575,-15
3576,-40
3577,-35
3578,-40
3579,10
3580,-35
3581,-40
3582,-40
3583,-40
3584,-40
3585,-40
3586,-40
3587,-25
3588,-30
3589,-40
3590,-40
3591,-40
3592,-40
3593,-40
3594,-40
3595,-25
3596,-40
3597,-5
3598,5
3599,-40
3600,-40
3601,-30
3602,-40
3603,-35
3604,-25
3605,-25
3606,-40
3607,5
3608,-40
3609,-40
3610,-40
3611,-40
3612,-40
3613,-30
3614,-30
3615,-40
3616,-40
3617,-40
3618,-40
3619,-40
3620,-40
3621,-40
3622,-40
3623,-40
3624,-35
3625,-40
3626,-30
3627,-40
3628,-40
3629,-30
3630,-40
3631,-35
3632,-30
3633,-40
3634,-25
3635,-25
3636,-35
3637,-40
3638,-40
3639,-35
3640,-40
3641,-30
3642,-30
3643,-40
3644,-35
3645,-40
3646,-20
3647,-40
3648,-40
3649,-20
3650,-35
3651,-40
3652,-40
3653,-40
3654,-40
3655,-35
3656,-30
3657,-35
3658,-40
3659,-40
3660,-30
3661,-40
3662,-20
3663,-40
3664,-40
3665,-40
3666,-40
3667,-40
3668,-40
3669,-30
3670,-40
3671,-40
3672,-40
3673,-40
3674,-35
3675,-20
3676,-40
3677,-40
3678,-40
3679,-40
3680,5
3681,-35
3682,-35
3683,-40
3684,-30
3685,-30
3686,-40
3687,-40
3688,-40
3689,-40
3690,-40
3691,-40
3692,-40
3693,-40
3694,-40
3695,-40
3696,-40
3697,-40
3698,-40
3699,-35
3700,-40
3701,-40
3702,-40
3703,-40
3704,-40
3705,-40
3706,-35
3707,-40
3708,-40
3709,-25
3710,-35
3711,5
3712,-40
3713,-40
3714,-30
3715,-40
3716,-30
3717,-40
3718,-30
3719,-40
3720,-40
3721,-40
3722,-40
3723,-40
3724,-40
3725,-30
3726,-40
3727,-35
3728,-40
3729,-40
3730,-35
3731,-40
3732,-40
3733,-35
3734,-25
3735,-35
3736,-35
3737,-40
3738,-40
3739,-40
3740,-40
3741,-40
3742,-40
3743,-30
3744,-35
3745,-40
3746,-40
3747,-35
3748,-40
3749,-40
3750,-30
3751,-35
3752,-40
3753,-40
3754,-40
3755,-30
3756,-40
3757,-40
3758,-30
3759,-40
3760,-35
3761,-40
3762,-40
3763,-40
3764,5
3765,-40
3766,-40
3767,-40
3768,-30
3769,-40
3770,-40
3771,-40
3772,-40
3773,-40
3774,-40
3775,-35
3776,-40
3777,-40
3778,-25
3779,-35
3780,-30
3781,-40
3782,-40
3783,-40
3784,-40
3785,-40
3786,-30
3787,-40
3788,-30
3789,-40
3790,-40
3791,-40
3792,-30
3793,-40
3794,-40
3795,-40
3796,-40
3797,-30
3798,-40
3799,-40
3800,-40
3801,-35
3802,-40
3803,-40
3804,-30
3805,-40
3806,-40
3807,-40
3808,-40
3809,-40
3810,-40
3811,-40
3812,-40
3813,-30
3814,-35
3815,-40
3816,-35
3817,-40
3818,-40
3819,-40
3820,-30
3821,-35
3822,-40
3823,-40
3824,-15
3825,-40
3826,-40
3827,-30
3828,-40
3829,-40
3830,-40
3831,-35
3832,-40
3833,-40
3834,-40
3835,-30
3836,-40
3837,-40
3838,-30
3839,-35
3840,-40
3841,-40
3842,-35
3843,-40
3844,-40
3845,-35
3846,-40
3847,-40
3848,-40
3849,-40
3850,-40
3851,-40
3852,-30
3853,-30
3854,-35
3855,-40
3856,-40
3857,-40
3858,-40
3859,-35
3860,-40
3861,-40
3862,-40
3863,-40
3864,-40
3865,-40
3866,-40
3867,5
3868,-35
3869,-35
3870,-40
3871,-20
3872,-40
3873,-35
3874,-40
3875,-40
3876,-40
3877,-35
3878,5
3879,-40
3880,-40
3881,-40
3882,-30
3883,-35
3884,-40
3885,-40
3886,-35
3887,-40
3888,-35
3889,-40
3890,-40
3891,-35
3892,-40
3893,-40
3894,-40
3895,-40
3896,-40
3897,-40
3898,-40
3899,-30
3900,-35
3901,-40
3902,-40
3903,-40
3904,-30
3905,-30
3906,-25
3907,-40
3908,-5
3909,-40
3910,-40
3911,-40
3912,-40
3913,-40
3914,-40
3915,-40
3916,-35
3917,-40
3918,-40
3919,-35
3920,-40
3921,-40
3922,-40
3923,-40
3924,-35
3925,-40
3926,-40
3927,-40
3928,-40
3929,-35
3930,-40
3931,-40
3932,-40
3933,-35
3934,-35
3935,-25
3936,-40
3937,-35
3938,-40
3939,-40
3940,-30
3941,-40
3942,-5
3943,-40
3944,-40
3945,-40
3946,-40
3947,-40
3948,-40
3949,-25
3950,-40
3951,-30
3952,-40
3953,-40
3954,-35
3955,-40
3956,-40
3957,-40
3958,-40
3959,-30
3960,-35
3961,-35
3962,-40
3963,-40
3964,-30
3965,-40
3966,-40
3967,-35
3968,-30
3969,-40
3970,-40
3971,-40
3972,-30
3973,-40
3974,-30
3975,-30
3976,-40
3977,-40
3978,-35
3979,-40
3980,-35
3981,-40
3982,-40
3983,-25
3984,-40
3985,-40
3986,-35
3987,-40
3988,-40
3989,-40
3990,-30
3991,-40
3992,-40
3993,-40
3994,-40
3995,-35
3996,-35
3997,-40
3998,-35
3999,-35
4000,-40
4001,-35
4002,-35
4003,-35
4004,-40
4005,-35
4006,-35
4007,-40
4008,-25
4009,-40
4010,-5
4011,-30
4012,-40
4013,-40
4014,-40
4015,-40
4016,-35
4017,-40
4018,-40
4019,-30
4020,-40
4021,-40
4022,-40
4023,-40
4024,-35
4025,-25
4026,-30
4027,-40
4028,-40
4029,-30
4030,-35
4031,-35
4032,-40
4033,-30
4034,-40
4035,-40
4036,-40
4037,-35
4038,-35
4039,-40
4040,-40
4041,-40
4042,-40
4043,-40
4044,-30
4045,-40
4046,-40
4047,-40
4048,-40
4049,-40
4050,-40
4051,-40
4052,-25
4053,-40
4054,-40
4055,-35
4056,-20
4057,-40
4058,-40
4059,-35
4060,-40
4061,-40
4062,-40
4063,-15
4064,-40
4065,-40
4066,-40
4067,-40
4068,-40
4069,-40
4070,-40
4071,-30
4072,-40
4073,-30
4074,-30
4075,-40
4076,-40
4077,-40
4078,-40
4079,-40
4080,-40
4081,-40
4082,-40
4083,-40
4084,-40
4085,-35
4086,-35
4087,-10
4088,-40
4089,-40
4090,-30
4091,-35
4092,-35
4093,-40
4094,-40
4095,-40
4096,-40
4097,-35
4098,-35
4099,-35
4100,-40
4101,-40
4102,-40
4103,-35
4104,-35
4105,-40
4106,-40
4107,-35
4108,-40
4109,-35
4110,-35
4111,-40
4112,-35
4113,-35
4114,-40
4115,-40
4116,-40
4117,-40
4118,-35
4119,-40
4120,-35
4121,-40
4122,-35
4123,-40
4124,-30
4125,-40
4126,-30
4127,-30
4128,-40
4129,-40
4130,-40
4131,-40
4132,-30
4133,-30
4134,-40
4135,-40
4136,-40
4137,-35
4138,-40
4139,-40
4140,-40
4141,-30
4142,-35
4143,-35
4144,-40
4145,-40
4146,-40
4147,-40
4148,-35
4149,-40
4150,-40
4151,-40
4152,-40
4153,-30
4154,-40
4155,-40
4156,-40
4157,-40
4158,-35
4159,-40
4160,-40
4161,-35
4162,-40
4163,-5
4164,-30
4165,-30
4166,-40
4167,-30
4168,-40
4169,-35
4170,-40
4171,-40
4172,-40
4173,-40
4174,-40
4175,-35
4176,-35
4177,-40
4178,-35
4179,-40
4180,-40
4181,-35
4182,-35
4183,-40
4184,-35
4185,-40
4186,-30
4187,-35
4188,-30
4189,-40
4190,-40
4191,-35
4192,-30
4193,-40
4194,-30
4195,-40
4196,-35
4197,-40
4198,-40
4199,-40
4200,-40
4201,-40
4202,-40
4203,-40
4204,-30
4205,-40
4206,5
4207,-40
4208,-40
4209,-15
4210,-35
4211,-40
4212,-35
4213,-35
4214,-40
4215,-40
4216,-40
4217,-40
4218,-30
4219,-25
4220,-40
4221,-40
4222,-40
4223,-40
4224,-35
4225,-40
4226,-35
4227,-40
4228,-40
4229,-40
4230,-35
4231,-35
4232,-30
4233,-40
4234,-35
4235,-40
4236,-30
4237,-40
4238,-40
4239,-35
4240,-40
4241,-35
4242,-40
4243,-40
4244,-30
4245,-40
4246,-35
4247,-40
4248,-30
4249,-35
4250,-40
4251,-40
4252,-40
4253,-35
4254,-40
4255,-40
4256,-40
4257,-30
4258,-35
4259,-40
4260,-40
4261,-40
4262,-40
4263,-35
4264,-40
4265,-40
4266,-40
4267,-40
4268,-40
4269,-35
4270,-40
4271,-40
4272,-40
4273,-30
4274,-40
4275,-40
4276,-35
4277,-40
4278,-40
4279,-35
4280,-35
4281,-40
4282,-40
4283,-40
4284,-40
4285,-40
4286,-40
4287,-40
4288,-40
4289,-40
4290,-40
4291,-40
4292,-40
4293,-35
4294,-40
4295,-40
4296,-40
4297,-30
4298,-40
4299,-30
4300,-30
4301,-40
4302,0
4303,-40
4304,-40
4305,-15
4306,-5
4307,-40
4308,-35
4309,-40
4310,-35
4311,-40
4312,-40
4313,-40
4314,-40
4315,-40
4316,-35
4317,-40
4318,-40
4319,-40
4320,-40
4321,-40
4322,-40
4323,-40
4324,-35
4325,-30
4326,-40
4327,-20
4328,-40
4329,-40
4330,-40
4331,-40
4332,-30
4333,-40
4334,-35
4335,-40
4336,-40
4337,-40
4338,-40
4339,-30
4340,-40
4341,-35
4342,-35
4343,-30
4344,-40
4345,-35
4346,-40
4347,-40
4348,-40
4349,5
4350,-40
4351,-40
4352,-40
4353,-25
4354,-40
4355,-35
4356,-40
4357,-35
4358,-40
4359,-35
4360,-30
4361,-40
4362,-40
4363,-40
4364,-35
4365,-40
4366,-30
4367,-40
4368,-35
4369,-20
4370,-40
4371,-35
4372,-40
4373,-40
4374,-35
4375,-30
4376,-40
4377,-40
4378,-40
4379,-35
4380,-40
4381,-40
4382,-40
4383,-40
4384,-40
4385,-40
4386,-40
4387,-40
4388,-30
4389,-35
4390,-40
4391,-40
4392,-20
4393,-40
4394,-40
4395,-40
4396,5
4397,-40
4398,-40
4399,-40
4400,-35
4401,-40
4402,-40
4403,-40
4404,-40
4405,-40
4406,-40
4407,-40
4408,-35
4409,-35
4410,-35
4411,-40
4412,-40
4413,-5
4414,-40
4415,-35
4416,-40
4417,-40
4418,-40
4419,-25
4420,-40
4421,-30
4422,-40
4423,-40
4424,-40
4425,-30
4426,-25
4427,-30
4428,-40
4429,-40
4430,-40
4431,-40
4432,-40
4433,-35
4434,-40
4435,-40
4436,-40
4437,-40
4438,-40
4439,-40
4440,-40
4441,-40
4442,-40
4443,-40
4444,-30
4445,-35
4446,-40
4447,-30
4448,-35
4449,-40
4450,-40
4451,-30
4452,-40
4453,-40
4454,-40
4455,-40
4456,-30
4457,-40
4458,-30
4459,-40
4460,-40
4461,-40
4462,-40
4463,-30
4464,-40
4465,-40
4466,-40
4467,-30
4468,-30
4469,-35
4470,-40
4471,-35
4472,-40
4473,-35
4474,-40
4475,-5
4476,-35
4477,-40
4478,-40
4479,-30
4480,-40
4481,-30
4482,-40
4483,-40
4484,-35
4485,-40
4486,-40
4487,-40
4488,-40
4489,-30
4490,-40
4491,-40
4492,-40
4493,-35
4494,-40
4495,-40
4496,-40
4497,-40
4498,-40
4499,-40
4500,-15
4501,-40
4502,-40
4503,-35
4504,-40
4505,-40
4506,-40
4507,-40
4508,-40
4509,-35
4510,-35
4511,-40
4512,-40
4513,-40
4514,-35
4515,-40
4516,-40
4517,-40
4518,-40
4519,-40
4520,-40
4521,-30
4522,-30
4523,-35
4524,-30
4525,-40
4526,-35
4527,-40
4528,-40
4529,-40
4530,-40
4531,-40
4532,-35
4533,-40
4534,-40
4535,-40
4536,-40
4537,-40
4538,-40
4539,-30
4540,-40
4541,-30
4542,-35
4543,-30
4544,-40
4545,-40
4546,-35
4547,-40
4548,-40
4549,-35
4550,-35
4551,-40
4552,-40
4553,-40
4554,-40
4555,-35
4556,-40
4557,-35
4558,-40
4559,-35
4560,-35
4561,-40
4562,-35
4563,-15
4564,-35
4565,-40
4566,-40
4567,-40
4568,-30
4569,-40
4570,-30
4571,-40
4572,-40
4573,-30
4574,-40
4575,-20
4576,-30
4577,-35
4578,-5
4579,-40
4580,-40
4581,-30
4582,-40
4583,-40
4584,-40
4585,-35
4586,-35
4587,-40
4588,-30
4589,-40
4590,-30
4591,-30
4592,-40
4593,-35
4594,-40
4595,-40
4596,-40
4597,-40
4598,-40
4599,-30
4600,-40
4601,-40
4602,-40
4603,-40
4604,-40
4605,-40
4606,-40
4607,-35
4608,-20
4609,-35
4610,-30
4611,-25
4612,-30
4613,-35
4614,-40
4615,-35
4616,-30
4617,-30
4618,-40
4619,-40
4620,-40
4621,-40
4622,-40
4623,-35
4624,-30
4625,-35
4626,-40
4627,-40
4628,-40
4629,-40
4630,-40
4631,-40
4632,-40
4633,-40
4634,-40
4635,-35
4636,-40
4637,-30
4638,-35
4639,-40
4640,-40
4641,-40
4642,-35
4643,-30
4644,-40
4645,-40
4646,-40
4647,-40
4648,-40
4649,-30
4650,-30
4651,-35
4652,-35
4653,-40
4654,-30
4655,-35
4656,-40
4657,-30
4658,-40
4659,-40
4660,-40
4661,-35
4662,-35
4663,-40
4664,-40
4665,-40
4666,-35
4667,-30
4668,-40
4669,-30
4670,-40
4671,-40
4672,-40
4673,-35
4674,-35
4675,-30
4676,-40
4677,-40
4678,-40
4679,-40
4680,-40
4681,-25
4682,-35
4683,-40
4684,-40
4685,-40
4686,-40
4687,-35
4688,-35
4689,5
4690,-40
4691,-40
4692,-40
4693,-40
4694,-40
4695,-30
4696,-25
4697,-40
4698,-30
4699,-35
4700,-30
4701,-40
4702,-25
4703,-30
4704,-40
4705,-40
4706,-40
4707,-40
4708,-40
4709,-30
4710,-30
4711,-40
4712,-40
4713,-40
4714,-40
4715,-40
4716,-35
4717,-35
4718,-40
4719,-25
4720,-40
4721,-35
4722,-35
4723,-40
4724,-40
4725,-40
4726,-35
4727,-40
4728,-40
4729,-35
4730,-35
4731,-40
4732,-40
4733,-35
4734,-35
4735,-40
4736,-40
4737,5
4738,-35
4739,-40
4740,-40
4741,-40
4742,-40
4743,-30
4744,-35
4745,-35
4746,-40
4747,-40
4748,-35
4749,-40
4750,-30
4751,-40
4752,-40
4753,-30
4754,-40
4755,-35
4756,-40
4757,-40
4758,-25
4759,-5
4760,-40
4761,-40
4762,-30
4763,5
4764,-25
4765,-35
4766,-40
4767,-40
4768,5
4769,-40
4770,-40
4771,-40
4772,-40
4773,-40
4774,-40
4775,-40
4776,-40
4777,-40
4778,5
4779,-40
4780,-40
4781,-40
4782,-40
4783,-40
4784,-40
4785,-25
4786,-40
4787,-35
4788,-35
4789,-40
4790,-30
4791,-25
4792,-40
4793,-40
4794,-30
4795,-30
4796,-40
4797,-35
4798,-35
4799,-40
4800,-40
4801,-35
4802,-40
4803,-30
4804,-40
4805,-30
4806,-40
4807,-40
4808,-25
4809,-40
4810,-40
4811,-35
4812,-40
4813,-40
4814,-40
4815,-40
4816,-40
4817,-35
4818,-40
4819,-40
4820,-30
4821,-40
4822,-40
4823,-35
4824,-40
4825,-40
4826,-35
4827,-40
4828,-35
4829,-5
4830,-40
4831,-35
4832,-40
4833,-35
4834,-40
4835,-35
4836,-40
4837,-40
4838,-40
4839,-40
4840,-40
4841,-35
4842,-40
4843,-15
4844,-35
4845,-35
4846,-40
4847,-40
4848,-40
4849,-35
4850,-40
4851,-35
4852,-40
4853,-35
4854,-40
4855,-40
4856,-35
4857,-30
4858,-40
4859,-40
4860,-30
4861,-40
4862,-40
4863,-35
4864,-40
4865,-40
4866,-35
4867,-40
4868,-40
4869,5
4870,-40
4871,-40
4872,-35
4873,-40
4874,-30
4875,-35
4876,-40
4877,-35
4878,-40
4879,-40
4880,-40
4881,-40
4882,-40
4883,-40
4884,-40
4885,-40
4886,-35
4887,-35
4888,-35
4889,-15
4890,-40
4891,-30
4892,-40
4893,-35
4894,-35
4895,-40
4896,-30
4897,-30
4898,-40
4899,-30
4900,-40
4901,-40
4902,-40
4903,-35
4904,-40
4905,-40
4906,-40
4907,-35
4908,-30
4909,-40
4910,-30
4911,-40
4912,-35
4913,-35
4914,-40
4915,-30
4916,-40
4917,-40
4918,-40
4919,-40
4920,-40
4921,-35
4922,-40
4923,-40
4924,-25
4925,-40
4926,-40
4927,-30
4928,-40
4929,-40
4930,-40
4931,-30
4932,-40
4933,-40
4934,-40
4935,-40
4936,-30
4937,-40
4938,-40
4939,-40
4940,-30
4941,-40
4942,-40
4943,-40
4944,-35
4945,-40
4946,-40
4947,-35
4948,-35
4949,-40
4950,-40
4951,-40
4952,-40
4953,-40
4954,-40
4955,-40
4956,-40
4957,-35
4958,-40
4959,5
4960,-30
4961,-40
4962,-30
4963,-40
4964,-40
4965,-40
4966,-40
4967,-40
4968,-35
4969,-35
4970,-40
4971,-30
4972,-40
4973,-40
4974,-40
4975,-40
4976,-40
4977,-40
4978,-35
4979,-40
4980,-40
4981,-35
4982,-40
4983,-40
4984,-40
4985,-40
4986,-40
4987,-40
4988,-5
4989,-35
4990,-40
4991,-35
4992,-40
4993,-30
4994,-40
4995,-35
4996,-40
4997,-35
4998,-40
4999,-40
5000,-35
5001,-40
5002,-40
5003,-40
5004,-30
5005,-40
5006,-35
5007,-35
5008,-40
5009,-30
5010,-40
5011,-35
5012,5
5013,-35
5014,-25
5015,-40
5016,-35
5017,-35
5018,-40
5019,-40
5020,-30
5021,-40
5022,-40
5023,-40
5024,-35
5025,-35
5026,-40
5027,-40
5028,-40
5029,-40
5030,-40
5031,-40
5032,-40
5033,-35
5034,-30
5035,-40
5036,-35
5037,-40
5038,-40
5039,-40
5040,-35
5041,-40
5042,-40
5043,-30
5044,-40
5045,-30
5046,-40
5047,-40
5048,-40
5049,-35
5050,-30
5051,-25
5052,-30
5053,-35
5054,-40
5055,-40
5056,-15
5057,-40
5058,-40
5059,-40
5060,-40
5061,-40
5062,-40
5063,-40
5064,-40
5065,-40
5066,-40
5067,-40
5068,-5
5069,-40
5070,-35
5071,-35
5072,-40
5073,-40
5074,-40
5075,-40
5076,-40
5077,-40
5078,-40
5079,-35
5080,-30
5081,-35
5082,-35
5083,-35
5084,-30
5085,-35
5086,-40
5087,-40
5088,-40
5089,-40
5090,-40
5091,-40
5092,-40
5093,-40
5094,-40
5095,-40
5096,-40
5097,-40
5098,-30
5099,-30
5100,-40
5101,-35
5102,-40
5103,-40
5104,-35
5105,-35
5106,-40
5107,-40
5108,-35
5109,-35
5110,-40
5111,-40
5112,-40
5113,-40
5114,-40
5115,-30
5116,-40
5117,-40
5118,-35
5119,-40
5120,-35
5121,-40
5122,-35
5123,-40
5124,-35
5125,-40
5126,-40
5127,-25
5128,-40
5129,-40
5130,-30
5131,-40
5132,-40
5133,-40
5134,-35
5135,-30
5136,-40
5137,-40
5138,-40
5139,-40
5140,-30
5141,-40
5142,-40
5143,-40
5144,-40
5145,-40
5146,-40
5147,-40
5148,-25
5149,5
5150,-40
5151,-40
5152,-40
5153,-40
5154,-40
5155,-40
5156,-25
5157,-35
5158,-30
5159,-35
5160,-40
5161,-40
5162,-40
5163,-40
5164,-40
5165,-40
5166,-30
5167,-40
5168,-40
5169,-30
5170,-35
5171,-35
5172,-40
5173,-35
5174,-35
5175,-40
5176,-40
5177,-40
5178,-40
5179,-40
5180,-40
5181,-35
5182,-40
5183,-35
5184,-35
5185,-35
5186,-40
5187,-20
5188,5
5189,-5
5190,-30
5191,-40
5192,-35
5193,-40
5194,-40
5195,-35
5196,-40
5197,-30
5198,-35
5199,-40
5200,-40
5201,-30
5202,-35
5203,-40
5204,-35
5205,-30
5206,-25
5207,-40
5208,-40
5209,-35
5210,-40
5211,-40
5212,-35
5213,-40
5214,-40
5215,-35
5216,-40
5217,-40
5218,-40
5219,-40
5220,-40
5221,-35
5222,-40
5223,-20
5224,-35
5225,-40
5226,-5
5227,-40
5228,-40
5229,-40
5230,-30
5231,-40
5232,-35
5233,-35
5234,-40
5235,-40
5236,-35
5237,-40
5238,-35
5239,-40
5240,-35
5241,-30
5242,-40
5243,-40
5244,-40
5245,-40
5246,-40
5247,-35
5248,-40
5249,-40
5250,-25
5251,-40
5252,-40
5253,-40
5254,-40
5255,-30
5256,-35
5257,-40
5258,-40
5259,-40
5260,-35
5261,-25
5262,-30
5263,-40
5264,-40
5265,-40
5266,-5
5267,-40
5268,-40
5269,-40
5270,-30
5271,-40
5272,-40
5273,-30
5274,-40
5275,-40
5276,-40
5277,-40
5278,-40
5279,-40
5280,-40
5281,-30
5282,-30
5283,-35
5284,5
5285,-30
5286,-35
5287,-40
5288,-40
5289,-40
5290,-40
5291,-30
5292,-30
5293,-40
5294,-30
5295,-35
5296,-40
5297,-40
5298,-35
5299,-40
5300,-30
5301,-35
5302,-40
5303,-40
5304,-40
5305,-30
5306,-35
5307,-40
5308,-40
5309,-35
5310,-40
5311,-40
5312,-40
5313,-40
5314,-40
5315,-40
5316,-25
5317,-40
5318,-40
5319,-40
5320,-30
5321,-35
5322,-40
5323,-40
5324,-40
5325,-40
5326,-25
5327,-40
5328,-40
5329,-30
5330,-30
5331,-35
5332,-40
5333,-30
5334,-40
5335,-40
5336,-35
5337,-30
5338,-35
5339,-40
5340,-40
5341,-40
5342,-35
5343,-40
5344,-40
5345,-30
5346,-40
5347,-40
5348,-40
5349,-40
5350,-30
5351,-30
5352,-40
5353,-40
5354,5
5355,-40
5356,-30
5357,-40
5358,-40
5359,-40
5360,-30
5361,-40
5362,-40
5363,-40
5364,-40
5365,-20
5366,-35
5367,-40
5368,-40
5369,-35
5370,-30
5371,-40
5372,-35
5373,-40
5374,-40
5375,-30
5376,-40
5377,-40
5378,-35
5379,-40
5380,-40
5381,-40
5382,-30
5383,-40
5384,-30
5385,-40
5386,-40
5387,-40
5388,-40
5389,-40
5390,-40
5391,-40
5392,-40
5393,-40
5394,-30
5395,-35
5396,-25
5397,-40
5398,-25
5399,-40
5400,-35
5401,-30
5402,-35
5403,-40
5404,-40
5405,-35
5406,-40
5407,-40
5408,-40
5409,-40
5410,-40
5411,-40
5412,-40
5413,-35
5414,-40
5415,-40
5416,-40
5417,-40
5418,-40
5419,-40
5420,-30
5421,-40
5422,-40
5423,-40
5424,-40
5425,-40
5426,-35
5427,-30
5428,-20
5429,-40
5430,-35
5431,-40
5432,-40
5433,-40
5434,-35
5435,-35
5436,-40
5437,-40
5438,-35
5439,-30
5440,-40
5441,-30
5442,-40
5443,-40
5444,-40
5445,-35
5446,-40
5447,-40
5448,-40
5449,-35
5450,-35
5451,-35
5452,5
5453,-40
5454,-35
5455,-35
5456,-35
5457,-40
5458,-40
5459,-40
5460,-40
5461,-40
5462,-35
5463,-40
5464,-40
5465,-40
5466,-35
5467,-25
5468,-30
5469,-40
5470,-35
5471,-40
5472,-40
5473,-40
5474,-40
5475,-40
5476,-40
5477,-40
5478,-40
5479,-40
5480,-35
5481,-35
5482,-40
5483,-40
5484,-30
5485,-35
5486,-40
5487,-40
5488,-40
5489,-40
5490,-5
5491,-40
5492,-40
5493,-25
5494,-40
5495,-40
5496,-40
5497,-15
5498,-40
5499,-40
5500,-35
5501,-30
5502,-30
5503,0
5504,-40
5505,-40
5506,-40
5507,-30
5508,-40
5509,-40
5510,-35
5511,-40
5512,-40
5513,-40
5514,-35
5515,-40
5516,-40
5517,-40
5518,-40
5519,-40
5520,-40
5521,-30
5522,-35
5523,-30
5524,-25
5525,-40
5526,-40
5527,-40
5528,-40
5529,-25
5530,-35
5531,-40
5532,-40
5533,-35
5534,-35
5535,-35
5536,-30
5537,-40
5538,-35
5539,-30
5540,-40
5541,-35
5542,-40
5543,-40
5544,-30
5545,-40
5546,-40
5547,-40
5548,-40
5549,-40
5550,-35
5551,-30
5552,-40
5553,-40
5554,-40
5555,-40
5556,-30
5557,-40
5558,-40
5559,-25
5560,-40
5561,-40
5562,-35
5563,-40
5564,-40
5565,-35
5566,-40
5567,-35
5568,-30
5569,-30
5570,-40
5571,-40
5572,-35
5573,-40
5574,-40
5575,-30
5576,-35
5577,-35
5578,-30
5579,-30
5580,-40
5581,-40
5582,-35
5583,-40
5584,-40
5585,-35
5586,-40
5587,-40
5588,-30
5589,-5
5590,-40
5591,-40
5592,-40
5593,-30
5594,-40
5595,5
5596,-40
5597,-35
5598,-30
5599,-35
5600,-40
5601,-40
5602,-30
5603,-40
5604,-40
5605,-40
5606,-30
5607,-40
5608,-40
5609,-40
5610,-35
5611,-10
5612,-40
5613,-40
5614,-35
5615,-40
5616,-40
5617,-30
5618,-35
5619,-40
5620,-40
5621,-40
5622,-35
5623,-40
5624,-40
5625,-40
5626,-30
5627,-40
5628,-40
5629,-40
5630,-40
5631,-40
5632,-40
5633,-40
5634,-40
5635,-40
5636,-40
5637,-40
5638,-40
5639,-40
5640,-35
5641,-35
5642,-30
5643,-40
5644,-30
5645,-30
5646,-40
5647,0
5648,-40
5649,-30
5650,-40
5651,-40
5652,-30
5653,-40
5654,-40
5655,-40
5656,-40
5657,-40
5658,-20
5659,-40
5660,-40
5661,-25
5662,-30
5663,-35
5664,-40
5665,-40
5666,-40
5667,-35
5668,-40
5669,-15
5670,-35
5671,-30
5672,-30
5673,-30
5674,-40
5675,-35
5676,-25
5677,-40
5678,-40
5679,-40
5680,-30
5681,-40
5682,-40
5683,-40
5684,-40
5685,-40
5686,-40
5687,-40
5688,-40
5689,-40
5690,-35
5691,-40
5692,-40
5693,-35
5694,-40
5695,-40
5696,-40
5697,-40
5698,-40
5699,-40
5700,-40
5701,-40
5702,-35
5703,-40
5704,-40
5705,-40
5706,-40
5707,-30
5708,-35
5709,-40
5710,-35
5711,-40
5712,-40
5713,-40
5714,-40
5715,-35
5716,-40
5717,-30
5718,-40
5719,-30
5720,-35
5721,-40
5722,-20
5723,-30
5724,-35
5725,-30
5726,-40
5727,-40
5728,-40
5729,-40
5730,-35
5731,-40
5732,-40
5733,-40
5734,-40
5735,-40
5736,-40
5737,-40
5738,-40
5739,-40
5740,-40
5741,-30
5742,-30
5743,-40
5744,-40
5745,-40
5746,-40
5747,-40
5748,-40
5749,-40
5750,-40
5751,-30
5752,-40
5753,-30
5754,-40
5755,-40
5756,-30
5757,-40
5758,5
5759,-40
5760,-40
5761,-40
5762,-35
5763,-40
5764,-40
5765,-35
5766,-40
5767,-40
5768,-40
5769,-40
5770,-30
5771,-40
5772,-40
5773,-40
5774,-35
5775,-40
5776,-35
5777,-30
5778,-40
5779,-40
5780,-30
5781,-40
5782,-40
5783,-20
5784,-35
5785,-40
5786,-30
5787,-35
5788,-40
5789,-40
5790,-40
5791,-40
5792,-40
5793,-35
5794,-40
5795,-40
5796,-40
5797,-35
5798,-35
5799,-40
5800,-40
5801,-40
5802,-40
5803,-30
5804,-35
5805,5
5806,-40
5807,-35
5808,-35
5809,-30
5810,-40
5811,-30
5812,-40
5813,-40
5814,-40
5815,5
5816,-40
5817,-40
5818,-40
5819,-35
5820,-40
5821,-35
5822,-30
5823,-40
5824,-40
5825,-35
5826,-40
5827,-40
5828,-40
5829,-35
5830,-40
5831,-30
5832,-40
5833,-40
5834,-40
5835,-40
5836,-40
5837,-35
5838,-40
5839,-40
5840,5
5841,-40
5842,-40
5843,-40
5844,-25
5845,-40
5846,-35
5847,-40
5848,-5
5849,-40
5850,-30
5851,-35
5852,-35
5853,-40
5854,-40
5855,-40
5856,-40
5857,-30
5858,-30
5859,-40
5860,-40
5861,-40
5862,-35
5863,-30
5864,-40
5865,-40
5866,-40
5867,-40
5868,-30
5869,-25
5870,-40
5871,-40
5872,-35
5873,-35
5874,-40
5875,-40
5876,-40
5877,-40
5878,-40
5879,-40
5880,-20
5881,-40
5882,-40
5883,-35
5884,-40
5885,-40
5886,-40
5887,-40
5888,-40
5889,-40
5890,-20
5891,-40
5892,-40
5893,-30
5894,-40
5895,-30
5896,-40
5897,-35
5898,-30
5899,-35
5900,-40
5901,-40
5902,-40
5903,-25
5904,-40
5905,-40
5906,-40
5907,-35
5908,-40
5909,-40
5910,-40
5911,-35
5912,-35
5913,-30
5914,-35
5915,-40
5916,-35
5917,-40
5918,5
5919,-30
5920,-40
5921,-35
5922,-40
5923,-40
5924,-40
5925,-40
5926,-40
5927,-35
5928,-40
5929,-40
5930,-40
5931,-35
5932,-35
5933,-40
5934,-40
5935,-35
5936,-40
5937,-40
5938,-40
5939,-40
5940,-40
5941,-40
5942,-40
5943,-35
5944,-25
5945,-40
5946,-30
5947,-40
5948,-35
5949,-40
5950,-40
5951,-40
5952,-30
5953,-40
5954,-30
5955,-40
5956,-40
5957,-35
5958,-35
5959,-30
5960,-40
5961,-40
5962,-40
5963,-40
5964,-40
5965,-40
5966,-40
5967,-35
5968,-35
5969,-40
5970,-40
5971,-40
5972,-40
5973,-30
5974,-40
5975,-25
5976,-25
5977,-30
5978,-30
5979,-35
5980,-35
5981,-40
5982,-35
5983,-35
5984,-40
5985,-40
5986,-40
5987,-35
5988,-40
5989,-40
5990,-30
5991,-40
5992,-40
5993,-40
5994,-40
5995,-40
5996,-25
5997,-15
5998,-40
5999,-40
6000,-40
6001,-35
6002,-40
6003,-40
6004,-40
6005,-25
6006,-40
6007,-40
6008,-40
6009,-35
6010,-20
6011,-40
6012,-40
6013,-35
6014,-40
6015,-40
6016,5
6017,-40
6018,-35
6019,-40
6020,-35
6021,-40
6022,-40
6023,-35
6024,-40
6025,-35
6026,-40
6027,-40
6028,-15
6029,-30
6030,-40
6031,-30
6032,-40
6033,-40
6034,-35
6035,-40
6036,-40
6037,-30
6038,-40
6039,-40
6040,-40
6041,-40
6042,-35
6043,-30
6044,-40
6045,-40
6046,-40
6047,-40
6048,-40
6049,-40
6050,-40
6051,-40
6052,-40
6053,-35
6054,-40
6055,-40
6056,-35
6057,-35
6058,-30
6059,-40
6060,-40
6061,-30
6062,-35
6063,-40
6064,10
6065,-25
6066,-30
6067,-40
6068,-40
6069,-25
6070,-30
6071,-40
6072,-40
6073,-40
6074,-40
6075,-30
6076,-40
6077,-40
6078,-40
6079,-40
6080,-40
6081,-40
6082,5
6083,-40
6084,-30
6085,-35
6086,-35
6087,5
6088,-40
6089,5
6090,-35
6091,-40
6092,-40
6093,-40
6094,-40
6095,-40
6096,-30
6097,-40
6098,-40
6099,-40
6100,-35
6101,-15
6102,-40
6103,-40
6104,-30
6105,5
6106,-35
6107,-30
6108,-30
6109,-35
6110,-40
6111,-40
6112,-40
6113,-40
6114,-35
6115,-40
6116,-40
6117,-35
6118,-35
6119,-40
6120,-40
6121,-30
6122,-40
6123,-40
6124,-40
6125,-40
6126,-40
6127,-40
6128,-40
6129,-40
6130,-40
6131,-30
6132,-40
6133,-40
6134,-35
6135,-40
6136,-40
6137,-40
6138,-40
6139,-30
6140,-35
6141,-40
6142,-40
6143,-40
6144,-35
6145,-30
6146,-15
6147,-30
6148,-40
6149,-40
6150,-40
6151,-40
6152,-20
6153,-35
6154,-40
6155,-35
6156,-35
6157,-30
6158,-20
6159,-30
6160,-35
6161,5
6162,-35
6163,-35
6164,-40
6165,-30
6166,-40
6167,-30
6168,-40
6169,-40
6170,-40
6171,-35
6172,-40
6173,-40
6174,-40
6175,-40
6176,-25
6177,-40
6178,-40
6179,-35
6180,-35
6181,-40
6182,-30
6183,-40
6184,-40
6185,-40
6186,-25
6187,-40
6188,-30
6189,-40
6190,-40
6191,-5
6192,-40
6193,-30
6194,-35
6195,-30
6196,-40
6197,-30
6198,-40
6199,-40
6200,-30
6201,-40
6202,-40
6203,-25
6204,-30
6205,-35
6206,-40
6207,-35
6208,-25
6209,-40
6210,-35
6211,-40
6212,-40
6213,-35
6214,-40
6215,-35
6216,-40
6217,-40
6218,-40
6219,-40
6220,-40
6221,-40
6222,-30
6223,-40
6224,-15
6225,-40
6226,-40
6227,-40
6228,-25
6229,-40
6230,-40
6231,-40
6232,-35
6233,-40
6234,-40
6235,-40
6236,-40
6237,-35
6238,-15
6239,-30
6240,-40
6241,-40
6242,-30
6243,-40
6244,-40
6245,-40
6246,-40
6247,-20
6248,-35
6249,-40
6250,-40
6251,-25
6252,-40
6253,-35
6254,-40
6255,-30
6256,-35
6257,-40
6258,-35
6259,-35
6260,-40
6261,-30
6262,-40
6263,-30
6264,-40
6265,-40
6266,-40
6267,-40
6268,-40
6269,-40
6270,-40
6271,-35
6272,-5
6273,-40
6274,-40
6275,-30
6276,-40
6277,-40
6278,-35
6279,-40
6280,-40
6281,-40
6282,-40
6283,-25
6284,-35
6285,-35
6286,-30
6287,-30
6288,-30
6289,-40
6290,-40
6291,-35
6292,-40
6293,-40
6294,-40
6295,-20
6296,-40
6297,-40
6298,-35
6299,-40
6300,-35
6301,-40
6302,-35
6303,-40
6304,-40
6305,-35
6306,-35
6307,-40
6308,-40
6309,-40
6310,-20
6311,-40
6312,-35
6313,-40
6314,-40
6315,-40
6316,-35
6317,-40
6318,-40
6319,-35
6320,-35
6321,-40
6322,-40
6323,-40
6324,-40
6325,-40
6326,-30
6327,-35
6328,-40
6329,-40
6330,-40
6331,-35
6332,-35
6333,-40
6334,-30
6335,-40
6336,-40
6337,-35
6338,-40
6339,-15
6340,-40
6341,-40
6342,-30
6343,-40
6344,-40
6345,-40
6346,-40
6347,-40
6348,-40
6349,-20
6350,-40
6351,-40
6352,-35
6353,-20
6354,-40
6355,-40
6356,-40
6357,-40
6358,-40
6359,0
6360,-30
6361,-40
6362,-40
6363,-35
6364,-35
6365,-40
6366,-35
6367,-40
6368,-30
6369,-35
6370,-40
6371,-40
6372,-40
6373,-40
6374,-15
6375,-35
6376,-40
6377,-40
6378,-30
6379,-25
6380,-35
6381,-40
6382,-35
6383,-40
6384,-40
6385,-40
6386,-40
6387,-40
6388,-30
6389,-30
6390,-35
6391,-40
6392,-40
6393,-40
6394,-40
6395,-40
6396,-40
6397,-40
6398,-35
6399,-30
6400,-40
6401,-35
6402,-35
6403,-40
6404,-40
6405,-40
6406,-35
6407,-40
6408,-30
6409,-40
6410,-40
6411,-35
6412,-40
6413,-35
6414,-30
6415,-30
6416,-35
6417,-30
6418,-40
6419,-40
6420,-35
6421,-40
6422,-30
6423,-40
6424,-25
6425,-40
6426,-40
6427,-35
6428,-40
6429,-40
6430,-40
6431,-40
6432,-40
6433,-40
6434,-40
6435,-40
6436,-40
6437,-35
6438,-40
6439,-40
6440,-35
6441,-30
6442,-40
6443,-40
6444,-30
6445,-35
6446,-40
6447,-40
6448,-35
6449,-40
6450,-35
6451,-40
6452,-35
6453,-40
6454,-40
6455,-20
6456,-40
6457,-40
6458,-40
6459,-40
6460,-40
6461,-40
6462,-40
6463,-40
6464,-40
6465,-40
6466,-40
6467,-40
6468,-40
6469,-35
6470,-30
6471,-40
6472,-25
6473,-40
6474,-35
6475,-40
6476,-40
6477,-35
6478,-40
6479,-40
6480,-40
6481,-40
6482,-30
6483,-30
6484,-35
6485,-40
6486,-40
6487,-40
6488,-40
6489,-25
6490,-30
6491,-40
6492,-40
6493,-40
6494,-40
6495,-30
6496,-30
6497,-40
6498,-40
6499,-40
6500,-40
6501,-40
6502,-40
6503,-30
6504,-40
6505,-40
6506,-40
6507,-40
6508,-35
6509,-40
6510,-40
6511,-40
6512,-40
6513,-40
6514,-40
6515,-40
6516,-40
6517,-40
6518,-40
6519,-40
6520,-40
6521,-30
6522,-30
6523,-35
6524,-40
6525,-40
6526,-35
6527,-40
6528,-30
6529,-30
6530,-40
6531,-30
6532,-40
6533,-40
6534,-35
6535,-40
6536,-35
6537,-40
6538,-40
6539,-35
6540,-30
6541,-15
6542,-35
6543,-35
6544,-40
6545,-30
6546,-40
6547,-40
6548,-25
6549,-40
6550,-35
6551,-40
6552,-40
6553,-30
6554,-40
6555,-40
6556,-40
6557,-40
6558,-30
6559,-30
6560,-40
6561,-40
6562,-30
6563,-40
6564,-40
6565,-40
6566,-40
6567,-35
6568,-40
6569,-40
6570,-40
6571,-30
6572,-30
6573,-40
6574,-25
6575,-35
6576,-25
6577,-40
6578,-40
6579,-40
6580,-40
6581,-40
6582,-30
6583,-40
6584,-35
6585,-40
6586,-40
6587,-40
6588,-40
6589,-30
6590,-40
6591,-40
6592,-40
6593,-30
6594,-35
6595,-30
6596,-40
6597,-35
6598,-40
6599,-40
6600,-40
6601,-40
6602,-35
6603,-35
6604,-40
6605,-35
6606,-35
6607,-40
6608,-35
6609,-40
6610,-35
6611,-40
6612,-40
6613,-30
6614,-40
6615,-40
6616,-40
6617,-30
6618,-40
6619,-40
6620,-40
6621,-40
6622,-30
6623,-35
6624,-40
6625,-40
6626,-40
6627,-30
6628,-5
6629,-20
6630,-30
6631,-40
6632,-35
6633,-25
6634,-30
6635,-40
6636,-35
6637,5
6638,-35
6639,-40
6640,-40
6641,-35
6642,-40
6643,-35
6644,-40
6645,-40
6646,-35
6647,-40
6648,-40
6649,-30
6650,-40
6651,-30
6652,-40
6653,-35
6654,-30
6655,-15
6656,-40
6657,-40
6658,-40
6659,-40
6660,-40
6661,-40
6662,5
6663,-40
6664,-40
6665,-40
6666,-30
6667,-40
6668,-30
6669,-30
6670,-40
6671,-5
6672,-40
6673,-40
6674,-35
6675,-40
6676,-30
6677,-35
6678,-40
6679,-40
6680,-30
6681,-40
6682,-40
6683,-40
6684,-35
6685,-40
6686,-30
6687,-40
6688,-35
6689,-40
6690,-25
6691,-40
6692,-35
6693,-40
6694,-40
6695,-30
6696,-30
6697,-35
6698,-40
6699,-40
6700,-30
6701,-40
6702,-40
6703,-40
6704,-40
6705,-40
6706,-35
6707,-30
6708,-40
6709,-35
6710,-40
6711,-40
6712,-30
6713,-25
6714,-40
6715,-40
6716,-40
6717,-40
6718,-30
6719,-40
6720,-40
6721,-40
6722,-20
6723,-35
6724,-40
6725,-25
6726,-40
6727,-30
6728,-40
6729,-40
6730,-40
6731,-40
6732,-35
6733,-40
6734,-40
6735,-40
6736,-40
6737,-40
6738,-35
6739,-40
6740,-40
6741,-40
6742,-35
6743,-40
6744,-40
6745,-40
6746,-40
6747,-25
6748,-40
6749,-35
6750,-40
6751,-30
6752,-30
6753,-30
6754,-25
6755,-35
6756,-30
6757,-40
6758,-35
6759,-30
6760,-25
6761,-40
6762,-40
6763,-40
6764,-40
6765,-5
6766,-40
6767,-30
6768,-40
6769,-15
6770,-40
6771,-40
6772,-40
6773,-35
6774,-35
6775,-40
6776,-35
6777,-40
6778,-35
6779,-35
6780,-40
6781,-40
6782,-35
6783,-40
6784,-40
6785,-40
6786,-40
6787,-35
6788,-35
6789,-35
6790,-40
6791,-40
6792,-35
6793,-40
6794,-35
6795,-40
6796,-30
6797,-25
6798,-40
6799,-40
6800,-40
6801,-35
6802,-30
6803,-35
6804,-35
6805,-40
6806,-40
6807,-40
6808,-40
6809,-40
6810,-40
6811,-40
6812,-35
6813,-30
6814,-35
6815,-40
6816,-40
6817,-35
6818,-35
6819,-40
6820,-35
6821,-35
6822,-40
6823,-40
6824,-40
6825,-40
6826,-40
6827,-40
6828,-30
6829,-35
6830,-40
6831,-35
6832,-40
6833,-40
6834,-35
6835,-40
6836,-40
6837,-35
6838,-40
6839,-25
6840,-40
6841,-40
6842,-40
6843,-15
6844,-30
6845,-40
6846,-35
6847,-30
6848,-30
6849,-40
6850,-35
6851,-40
6852,-40
6853,-40
6854,-40
6855,-35
6856,-40
6857,-40
6858,-40
6859,-30
6860,-40
6861,-40
6862,-40
6863,-40
6864,-25
6865,-40
6866,-40
6867,-30
6868,-40
6869,-40
6870,-40
6871,-35
6872,-35
6873,-40
6874,-40
6875,-40
6876,-35
6877,-40
6878,-40
6879,-40
6880,-40
6881,-40
6882,-40
6883,-25
6884,-40
6885,-35
6886,-40
6887,-35
6888,-40
6889,-40
6890,-40
6891,-40
6892,-40
6893,-30
6894,-30
6895,-40
6896,-40
6897,-30
6898,-40
6899,-40
6900,-40
6901,-40
6902,-40
6903,-40
6904,-40
6905,-30
6906,-40
6907,-40
6908,-40
6909,-20
6910,-30
6911,-30
6912,-40
6913,-40
6914,-40
6915,-20
6916,-40
6917,-35
6918,-25
6919,-40
6920,-35
6921,-35
6922,-40
6923,-40
6924,-40
6925,-40
6926,-30
6927,-40
6928,-40
6929,-40
6930,-30
6931,-40
6932,-35
6933,-40
6934,-40
6935,-40
6936,-40
6937,-40
6938,-35
6939,-40
6940,-40
6941,-35
6942,-25
6943,-25
6944,-40
6945,-30
6946,-40
6947,-5
6948,-40
6949,-40
6950,-40
6951,-40
6952,-40
6953,-25
6954,-40
6955,-40
6956,-40
6957,-40
6958,-20
6959,5
6960,-35
6961,-40
6962,-40
6963,-30
6964,-40
6965,-30
6966,-30
6967,-40
6968,-35
6969,-40
6970,-35
6971,-40
6972,-35
6973,-35
6974,-40
6975,-40
6976,-40
6977,-40
6978,-40
6979,-40
6980,-40
6981,-40
6982,-40
6983,-40
6984,-40
6985,-40
6986,-40
6987,-40
6988,-35
6989,-40
6990,-20
6991,-40
6992,-40
6993,0
6994,-40
6995,-35
6996,-40
6997,-30
6998,-35
6999,-40
7000,-40
7001,-35
7002,-25
7003,-40
7004,-40
7005,-40
7006,-40
7007,-30
7008,-40
7009,-35
7010,-40
7011,-40
7012,-40
7013,-35
7014,-40
7015,-30
7016,-5
7017,-40
7018,-40
7019,-35
7020,-35
7021,-40
7022,-35
7023,-40
7024,-40
7025,-30
7026,-35
7027,-40
7028,-40
7029,-30
7030,-40
7031,-35
7032,-40
7033,-40
7034,-40
7035,-40
7036,-40
7037,-30
7038,-30
7039,-40
7040,-35
7041,-40
7042,-40
7043,-40
7044,-40
7045,-40
7046,-40
7047,-40
7048,-40
7049,-30
7050,-40
7051,-40
7052,-40
7053,-35
7054,-40
7055,-40
7056,-40
7057,-30
7058,-30
7059,-35
7060,-30
7061,-35
7062,-40
7063,-40
7064,-40
7065,-40
7066,-40
7067,-40
7068,-35
7069,-40
7070,-40
7071,-40
7072,-40
7073,-35
7074,-40
7075,-40
7076,-40
7077,-35
7078,-40
7079,-40
7080,-40
7081,-40
7082,-35
7083,-30
7084,-40
7085,-40
7086,-40
7087,-15
7088,-30
7089,-40
7090,-30
7091,-40
7092,-40
7093,-35
7094,-40
7095,-40
7096,-35
7097,-40
7098,-40
7099,-35
7100,-40
7101,-30
7102,-40
7103,-30
7104,-40
7105,-40
7106,-40
7107,-35
7108,-40
7109,-40
7110,-40
7111,-35
7112,-40
7113,-40
7114,-40
7115,-40
7116,-40
7117,-30
7118,-40
7119,-40
7120,-40
7121,-40
7122,-40
7123,-35
7124,-35
7125,-40
7126,-30
7127,-40
7128,-40
7129,-40
7130,-40
7131,-35
7132,-40
7133,-40
7134,-40
7135,-25
7136,-35
7137,-30
7138,-40
7139,-40
7140,-40
7141,-40
7142,-40
7143,-40
7144,-35
7145,-40
7146,-30
7147,-40
7148,-40
7149,-30
7150,-30
7151,-30
7152,-35
7153,-30
7154,-40
7155,-40
7156,-35
7157,-35
7158,-40
7159,-35
7160,-35
7161,-40
7162,-40
7163,-40
7164,-40
7165,-35
7166,-40
7167,-35
7168,-40
7169,-40
7170,-40
7171,-40
7172,-35
7173,-40
7174,-30
7175,-40
7176,-40
7177,-35
7178,-40
7179,-30
7180,-35
7181,-25
7182,-40
7183,-35
7184,-40
7185,-25
7186,-40
7187,-40
7188,-40
7189,-40
7190,-35
7191,-40
7192,-35
7193,-35
7194,-35
7195,-30
7196,-35
7197,-40
7198,-35
7199,-40
7200,-40
7201,-30
7202,-40
7203,-40
7204,-40
7205,-40
7206,-35
7207,-40
7208,-40
7209,-35
7210,-30
7211,-40
7212,-40
7213,-35
7214,-40
7215,-35
7216,-40
7217,-40
7218,-40
7219,-35
7220,-30
7221,-40
7222,-40
7223,-40
7224,-40
7225,-40
7226,-40
7227,-40
7228,-35
7229,-35
7230,-40
7231,-40
7232,-40
7233,-40
7234,-35
7235,-40
7236,-40
7237,-40
7238,-40
7239,-35
7240,-35
7241,-35
7242,-30
7243,-40
7244,-40
7245,-40
7246,-40
7247,-35
7248,-40
7249,-40
7250,-40
7251,-40
7252,-25
7253,-25
7254,-35
7255,-40
7256,-40
7257,-40
7258,-40
7259,-30
7260,-40
7261,-40
7262,-25
7263,-40
7264,-35
7265,-40
7266,-40
7267,-35
7268,-40
7269,-40
7270,-20
7271,-40
7272,-40
7273,-40
7274,-40
7275,-40
7276,-30
7277,-40
7278,-40
7279,-5
7280,-40
7281,-40
7282,-40
7283,-35
7284,-40
7285,-40
7286,-35
7287,-35
7288,-40
7289,-35
7290,-40
7291,-40
7292,-40
7293,-40
7294,-40
7295,-35
7296,-40
7297,-35
7298,-40
7299,-40
7300,-40
7301,-40
7302,-40
7303,-35
7304,-40
7305,-35
7306,-40
7307,-40
7308,-40
7309,-40
7310,-40
7311,-40
7312,-40
7313,-40
7314,-40
7315,-35
7316,-40
7317,-35
7318,-30
7319,-35
7320,-40
7321,-40
7322,-40
7323,-40
7324,-30
7325,-35
7326,-40
7327,-40
7328,-40
7329,-30
7330,-40
7331,-40
7332,-40
7333,-40
7334,-40
7335,-40
7336,-35
7337,-40
7338,-40
7339,-40
7340,-40
7341,-30
7342,-40
7343,-10
7344,-30
7345,-40
7346,-40
7347,-35
7348,-40
7349,-30
7350,-40
7351,-40
7352,-40
7353,-35
7354,-40
7355,-30
7356,-30
7357,-30
7358,-30
7359,-35
7360,-35
7361,-40
7362,-40
7363,-40
7364,-40
7365,-40
7366,-30
7367,-40
7368,-40
7369,-30
7370,-40
7371,-25
7372,-40
7373,-30
7374,-40
7375,-30
7376,5
7377,-40
7378,-30
7379,-40
7380,-40
7381,-30
7382,-35
7383,-40
7384,-40
7385,-40
7386,-30
7387,-40
7388,-40
7389,-35
7390,-40
7391,-40
7392,-35
7393,-40
7394,-40
7395,-40
7396,-40
7397,-40
7398,-35
7399,-35
7400,-40
7401,-30
7402,-35
7403,-40
7404,-35
7405,-35
7406,-40
7407,-40
7408,-40
7409,-35
7410,-40
7411,-35
7412,-30
7413,-40
7414,-35
7415,-40
7416,-30
7417,-40
7418,-30
7419,-5
7420,-40
7421,-35
7422,-15
7423,-40
7424,-20
7425,-5
7426,-40
7427,-40
7428,-40
7429,-40
7430,-40
7431,-30
7432,-40
7433,-40
7434,-40
7435,-40
7436,-40
7437,-40
7438,-40
7439,-35
7440,-40
7441,-40
7442,-40
7443,-30
7444,-35
7445,-40
7446,-40
7447,-40
7448,-40
7449,-35
7450,-35
7451,-20
7452,-35
7453,-40
7454,-40
7455,-25
7456,-35
7457,-40
7458,-35
7459,-40
7460,-35
7461,-40
7462,-35
7463,-40
7464,-35
7465,-30
7466,-15
7467,-35
7468,-40
7469,-40
7470,-40
7471,-35
7472,-40
7473,-40
7474,-40
7475,-35
7476,-40
7477,-40
7478,-40
7479,-40
7480,-30
7481,-40
7482,-40
7483,-40
7484,-35
7485,-40
7486,-40
7487,-30
7488,-40
7489,-40
7490,-40
7491,-40
7492,-40
7493,-35
7494,-35
7495,-35
7496,-25
7497,-35
7498,-30
7499,-40
7500,-40
7501,-40
7502,-25
7503,-40
7504,-35
7505,-40
7506,-40
7507,-35
7508,-40
7509,-30
7510,-40
7511,-30
7512,-40
7513,-40
7514,-35
7515,-35
7516,-40
7517,-40
7518,-40
7519,-40
7520,-40
7521,-40
7522,-30
7523,-40
7524,5
7525,-40
7526,-40
7527,-30
7528,-35
7529,-40
7530,-30
7531,-30
7532,-40
7533,-30
7534,-40
7535,5
7536,-40
7537,-40
7538,-40
7539,-35
7540,-40
7541,-40
7542,-40
7543,-40
7544,-40
7545,-30
7546,-30
7547,-35
7548,-40
7549,-40
7550,-40
7551,-35
7552,-35
7553,-40
7554,-40
7555,-40
7556,-35
7557,-40
7558,-40
7559,-40
7560,-35
7561,-40
7562,-35
7563,-40
7564,-30
7565,-30
7566,-40
7567,-40
7568,-40
7569,-35
7570,-30
7571,-40
7572,-40
7573,-40
7574,-40
7575,-30
7576,-35
7577,-40
7578,-30
7579,-30
7580,-40
7581,-30
7582,-30
7583,-40
7584,-40
7585,-30
7586,-40
7587,-40
7588,-35
7589,-40
7590,-40
7591,-35
7592,-40
7593,-30
7594,-35
7595,-40
7596,-40
7597,-40
7598,-35
7599,-35
7600,-35
7601,-35
7602,-40
7603,-35
7604,-40
7605,-40
7606,-40
7607,-40
7608,-30
7609,-40
7610,-30
7611,-40
7612,-20
7613,-40
7614,-40
7615,-35
7616,-40
7617,-40
7618,-40
7619,-40
7620,-40
7621,-40
7622,5
7623,-40
7624,-5
7625,-35
7626,-40
7627,-40
7628,-40
7629,-40
7630,-35
7631,-40
7632,-40
7633,-35
7634,-40
7635,-40
7636,-40
7637,-40
7638,-40
7639,-40
7640,-40
7641,-30
7642,-40
7643,-40
7644,-40
7645,-40
7646,-40
7647,-40
7648,-35
7649,-30
7650,-35
7651,-30
7652,-30
7653,-40
7654,-40
7655,-40
7656,-40
7657,-40
7658,-40
7659,-35
7660,-40
7661,-40
7662,-40
7663,-35
7664,-40
7665,-40
7666,-40
7667,-30
7668,-35
7669,-35
7670,-40
7671,-40
7672,-35
7673,-30
7674,-40
7675,-40
7676,-40
7677,-40
7678,-40
7679,-40
7680,-40
7681,-40
7682,-30
7683,-40
7684,-40
7685,-40
7686,-40
7687,-35
7688,5
7689,-40
7690,-40
7691,-40
7692,-40
7693,-40
7694,-30
7695,-40
7696,-30
7697,-40
7698,-40
7699,-40
7700,-40
7701,-40
7702,-40
7703,-30
7704,-30
7705,-30
7706,-40
7707,-40
7708,-30
7709,-40
7710,-30
7711,-35
7712,-40
7713,-35
7714,-15
7715,-35
7716,-40
7717,-40
7718,-40
7719,-35
7720,-30
7721,-35
7722,-20
7723,-35
7724,5
7725,-40
7726,-40
7727,-40
7728,-20
7729,-40
7730,-30
7731,-35
7732,-40
7733,-40
7734,-35
7735,-40
7736,-40
7737,-40
7738,-40
7739,-35
7740,-40
7741,-40
7742,-40
7743,-40
7744,-40
7745,-40
7746,-40
7747,-40
7748,-40
7749,-35
7750,-40
7751,-40
7752,-40
7753,-40
7754,-30
7755,-40
7756,-40
7757,-30
7758,-25
7759,-40
7760,-30
7761,-35
7762,-20
7763,-25
7764,-40
7765,-30
7766,-40
7767,-40
7768,-40
7769,-40
7770,-40
7771,-30
7772,-40
7773,-30
7774,0
7775,-40
7776,-40
7777,-40
7778,-40
7779,-35
7780,-35
7781,-40
7782,-40
7783,-35
7784,-40
7785,-40
7786,-40
7787,-40
7788,-40
7789,-40
7790,-35
7791,-40
7792,-25
7793,-40
7794,-35
7795,-40
7796,-40
7797,-40
7798,-35
7799,-35
7800,-40
7801,-30
7802,-40
7803,-40
7804,-30
7805,-40
7806,-40
7807,-35
7808,-30
7809,-35
7810,-40
7811,-40
7812,-30
7813,-40
7814,-40
7815,-40
7816,-40
7817,-40
7818,-35
7819,-40
7820,-40
7821,-40
7822,-40
7823,-35
7824,-40
7825,-40
7826,-40
7827,-40
7828,-40
7829,-40
7830,-40
7831,-30
7832,-35
7833,-40
7834,-40
7835,-40
7836,-30
7837,-30
7838,-40
7839,-40
7840,-40
7841,-40
7842,-40
7843,-30
7844,-40
7845,-40
7846,-40
7847,-40
7848,-40
7849,-30
7850,-40
7851,-40
7852,-40
7853,-30
7854,-40
7855,-40
7856,-40
7857,-40
7858,-40
7859,-40
7860,-35
7861,-30
7862,-35
7863,-40
7864,-35
7865,-40
7866,-30
7867,-35
7868,-40
7869,-40
7870,-40
7871,-40
7872,-40
7873,-40
7874,-30
7875,-40
7876,-35
7877,-40
7878,-40
7879,-40
7880,-40
7881,-40
7882,-40
7883,-40
7884,-40
7885,-40
7886,-40
7887,-40
7888,-40
7889,-40
7890,-40
7891,-40
7892,-40
7893,-35
7894,-40
7895,-35
7896,-40
7897,-35
7898,-40
7899,-40
7900,-40
7901,-40
7902,-35
7903,-40
7904,-40
7905,-35
7906,-40
7907,-40
7908,-30
7909,-40
7910,-40
7911,-35
7912,-40
7913,-40
7914,-35
7915,-40
7916,-40
7917,-30
7918,-40
7919,-30
7920,-40
7921,-40
7922,-40
7923,-30
7924,-35
7925,-40
7926,-40
7927,-40
7928,-40
7929,-40
7930,-30
7931,-25
7932,-30
7933,-40
7934,-40
7935,-35
7936,-40
7937,-40
7938,-25
7939,-30
7940,-40
7941,-35
7942,-40
7943,-35
7944,-40
7945,-35
7946,-35
7947,-35
7948,-40
7949,-40
7950,-40
7951,-40
7952,-35
7953,-35
7954,-40
7955,-30
7956,-40
7957,-40
7958,-40
7959,-40
7960,-40
7961,-35
7962,-40
7963,5
7964,-40
7965,-40
7966,-40
7967,-35
7968,-40
7969,-35
7970,-40
7971,-40
7972,5
7973,-40
7974,-40
7975,-40
7976,-35
7977,-35
7978,-35
7979,-40
7980,-30
7981,-40
7982,-40
7983,-30
7984,-40
7985,5
7986,-40
7987,-40
7988,-5
7989,-30
7990,-40
7991,-35
7992,-30
7993,0
7994,-40
7995,-35
7996,-40
7997,-35
7998,-35
7999,-30
8000,-30
8001,-40
8002,-40
8003,-40
8004,-40
8005,-40
8006,-40
8007,-40
8008,-40
8009,-35
8010,-40
8011,-20
8012,-35
8013,-40
8014,-30
8015,-40
8016,-40
8017,-35
8018,-35
8019,-25
8020,-35
8021,-40
8022,-40
8023,-30
8024,-40
8025,-30
8026,-40
8027,-40
8028,-35
8029,-40
8030,-40
8031,-40
8032,-40
8033,-25
8034,-40
8035,-35
8036,-40
8037,-25
8038,-40
8039,-40
8040,-35
8041,-40
8042,-40
8043,-40
8044,-35
8045,-35
8046,-35
8047,-40
8048,-30
8049,-35
8050,-40
8051,-40
8052,-40
8053,-40
8054,-40
8055,-40
8056,-40
8057,-40
8058,-40
8059,-40
8060,-40
8061,-40
8062,-40
8063,-35
8064,-40
8065,-40
8066,-40
8067,-30
8068,-35
8069,-30
8070,-40
8071,5
8072,-35
8073,-40
8074,-30
8075,-40
8076,-35
8077,-35
8078,-30
8079,-40
8080,-40
8081,-30
8082,-40
8083,-40
8084,-40
8085,-40
8086,-40
8087,-40
8088,-35
8089,-40
8090,-35
8091,-40
8092,-35
8093,-35
8094,-40
8095,-25
8096,-40
8097,-40
8098,-40
8099,-40
8100,-35
8101,-30
8102,-35
8103,-40
8104,-40
8105,-40
8106,-30
8107,-40
8108,-40
8109,-40
8110,-40
8111,-40
8112,-30
8113,-40
8114,-40
8115,-40
8116,-35
8117,-40
8118,-40
8119,-30
8120,-40
8121,-40
8122,-40
8123,-25
8124,-40
8125,-40
8126,-25
8127,-25
8128,-40
8129,-40
8130,-40
8131,-40
8132,-40
8133,-40
8134,-30
8135,-40
8136,-35
8137,-35
8138,-35
8139,-40
8140,-40
8141,-35
8142,-40
8143,-40
8144,-40
8145,-30
8146,-35
8147,-35
8148,-5
8149,-40
8150,-40
8151,-40
8152,-35
8153,-40
8154,-35
8155,-40
8156,-40
8157,-40
8158,-35
8159,-35
8160,-35
8161,-5
8162,-35
8163,-35
8164,-40
8165,-40
8166,-40
8167,-35
8168,-35
8169,-40
8170,-35
8171,-25
8172,-35
8173,-15
8174,-40
8175,-30
8176,-40
8177,-40
8178,-30
8179,-30
8180,-25
8181,-35
8182,-30
8183,-40
8184,-40
8185,-40
8186,-30
8187,-40
8188,-40
8189,-35
8190,-25
8191,-40
8192,-40
8193,-40
8194,-30
8195,-40
8196,-40
8197,-40
8198,-40
8199,-40
8200,-40
8201,-40
8202,-35
8203,-40
8204,-35
8205,-40
8206,-35
8207,-30
8208,-35
8209,-40
8210,-40
8211,-40
8212,-35
8213,-40
8214,-35
8215,-30
8216,-40
8217,-15
8218,-40
8219,-40
8220,-35
8221,-40
8222,-35
8223,-30
8224,-40
8225,-40
8226,-40
8227,-35
8228,-40
8229,-35
8230,-40
8231,-35
8232,-40
8233,-40
8234,-40
8235,-40
8236,-40
8237,-40
8238,-40
8239,-40
8240,-40
8241,-35
8242,-40
8243,-40
8244,-40
8245,-40
8246,-30
8247,-40
8248,-40
8249,-40
8250,-40
8251,-30
8252,-40
8253,-40
8254,-15
8255,-40
8256,-30
8257,-40
8258,-35
8259,-40
8260,-35
8261,-40
8262,-40
8263,-30
8264,-40
8265,-40
8266,-40
8267,5
8268,-40
8269,-40
8270,-40
8271,-40
8272,-35
8273,-40
8274,-35
8275,-40
8276,-30
8277,-40
8278,-40
8279,-40
8280,-40
8281,-40
8282,-40
8283,-40
8284,-30
8285,-25
8286,-40
8287,-40
8288,-30
8289,-35
8290,-40
8291,-40
8292,-30
8293,-40
8294,-40
8295,-40
8296,-40
8297,-40
8298,5
8299,-40
8300,-40
8301,-35
8302,-40
8303,-40
8304,-35
8305,-40
8306,-40
8307,-5
8308,-25
8309,-40
8310,-40
8311,-40
8312,-40
8313,-35
8314,-40
8315,-40
8316,-40
8317,-30
8318,-40
8319,-35
8320,-40
8321,-40
8322,-40
8323,-30
8324,-40
8325,-40
8326,-40
8327,-40
8328,-30
8329,-40
8330,-40
8331,-40
8332,-40
8333,-40
8334,-40
8335,-40
8336,-40
8337,-30
8338,-40
8339,-35
8340,-40
8341,-40
8342,-40
8343,-30
8344,-40
8345,-30
8346,-30
8347,-40
8348,-35
8349,-40
8350,-40
8351,-40
8352,-30
8353,-35
8354,-40
8355,-40
8356,-40
8357,-35
8358,-40
8359,-40
8360,-30
8361,-40
8362,-40
8363,-40
8364,-40
8365,-35
8366,5
8367,-25
8368,-40
8369,-20
8370,-30
8371,-40
8372,-40
8373,-40
8374,-40
8375,-40
8376,-35
8377,-40
8378,-40
8379,-35
8380,-40
8381,-35
8382,-30
8383,-40
8384,-40
8385,-30
8386,-40
8387,-35
8388,-40
8389,-40
8390,-35
8391,-40
8392,-40
8393,-40
8394,-30
8395,-35
8396,-40
8397,-40
8398,-15
8399,-35
8400,-35
8401,-35
8402,-30
8403,-40
8404,-40
8405,-40
8406,-40
8407,-30
8408,-40
8409,-40
8410,-30
8411,-40
8412,-40
8413,-40
8414,-35
8415,-40
8416,-40
8417,-40
8418,-40
8419,-35
8420,-40
8421,-40
8422,-35
8423,-40
8424,-40
8425,-40
8426,-40
8427,-25
8428,-40
8429,-40
8430,-40
8431,-35
8432,-40
8433,-30
8434,-40
8435,-40
8436,-40
8437,-35
8438,-40
8439,-40
8440,-35
8441,-40
8442,-40
8443,-30
8444,-35
8445,-35
8446,-40
8447,-40
8448,-40
8449,-35
8450,-40
8451,-35
8452,-40
8453,-35
8454,-40
8455,-35
8456,-40
8457,-40
8458,-40
8459,-30
8460,-40
8461,-40
8462,-30
8463,-35
8464,-35
8465,-40
8466,-30
8467,-30
8468,-40
8469,-40
8470,-40
8471,-30
8472,-35
8473,-40
8474,-40
8475,-40
8476,-40
8477,-40
8478,-30
8479,-5
8480,-15
8481,-40
8482,-40
8483,-35
8484,-40
8485,-40
8486,-35
8487,-40
8488,-40
8489,-40
8490,-40
8491,-40
8492,-30
8493,-30
8494,-40
8495,-30
8496,-40
8497,5
8498,-35
8499,-40
8500,-40
8501,-35
8502,-40
8503,-40
8504,-40
8505,-40
8506,-40
8507,-35
8508,-40
8509,-30
8510,-40
8511,-30
8512,-40
8513,5
8514,-35
8515,-35
8516,-40
8517,-25
8518,-40
8519,-35
8520,-35
8521,-40
8522,-35
8523,-40
8524,-35
8525,-40
8526,-35
8527,-35
8528,-40
8529,-40
8530,-40
8531,-30
8532,-35
8533,-30
8534,-40
8535,-40
8536,-30
8537,-40
8538,-40
8539,-30
8540,-30
8541,-25
8542,-30
8543,-40
8544,-40
8545,-40
8546,-35
8547,-40
8548,-40
8549,-35
8550,-30
8551,-35
8552,-40
8553,-35
8554,-35
8555,-40
8556,-35
8557,-40
8558,-40
8559,-40
8560,-40
8561,-40
8562,-40
8563,-40
8564,-40
8565,-40
8566,-35
8567,-35
8568,-30
8569,-30
8570,-40
8571,-40
8572,-40
8573,-30
8574,-35
8575,-40
8576,-40
8577,-40
8578,-40
8579,-35
8580,-35
8581,-40
8582,-40
8583,-40
8584,-35
8585,-40
8586,-40
8587,-35
8588,-40
8589,-40
8590,-40
8591,-40
8592,-25
8593,-40
8594,-40
8595,-40
8596,-35
8597,-35
8598,-40
8599,-35
8600,-40
8601,-40
8602,-40
8603,-30
8604,-30
8605,-40
8606,-40
8607,-15
8608,-25
8609,-35
8610,-30
8611,-40
8612,-40
8613,-20
8614,-35
8615,-30
8616,-30
8617,-40
8618,-40
8619,-40
8620,-40
8621,-40
8622,-40
8623,-35
8624,-40
8625,-40
8626,-40
8627,-25
8628,-40
8629,-40
8630,-40
8631,-35
8632,-40
8633,-40
8634,-40
8635,-25
8636,-40
8637,-35
8638,-40
8639,-30
8640,-30
8641,-40
8642,-30
8643,-35
8644,-40
8645,-35
8646,-35
8647,-35
8648,-40
8649,-40
8650,-40
8651,-30
8652,-40
8653,-40
8654,-40
8655,-40
8656,-40
8657,-35
8658,-35
8659,-35
8660,-25
8661,-35
8662,-40
8663,-40
8664,-35
8665,-40
8666,-35
8667,-40
8668,-35
8669,-25
8670,-40
8671,-35
8672,-20
8673,-25
8674,-40
8675,-30
8676,-40
8677,-40
8678,-40
8679,-40
8680,-35
8681,-40
8682,-35
8683,-40
8684,-40
8685,-40
8686,-40
8687,-40
8688,-40
8689,-40
8690,-40
8691,-30
8692,-35
8693,-40
8694,-40
8695,-40
8696,-40
8697,-35
8698,-40
8699,-35
8700,-15
8701,-40
8702,-30
8703,-40
8704,-40
8705,-30
8706,-35
8707,-30
8708,-40
8709,-40
8710,-30
8711,-40
8712,-40
8713,-40
8714,-40
8715,-40
8716,-35
8717,-25
8718,-40
8719,-40
8720,-5
8721,-30
8722,-40
8723,-40
8724,-35
8725,-35
8726,-40
8727,-35
8728,-35
8729,-40
8730,-40
8731,-40
8732,-40
8733,-40
8734,-40
8735,-40
8736,-30
8737,-40
8738,-40
8739,-40
8740,-30
8741,-40
8742,-35
8743,-40
8744,-40
8745,-40
8746,-40
8747,-35
8748,-40
8749,-40
8750,-40
8751,-40
8752,-30
8753,-35
8754,-35
8755,-40
8756,-15
8757,-40
8758,5
8759,-30
8760,-35
8761,-40
8762,-30
8763,-40
8764,-35
8765,-40
8766,-40
8767,-40
8768,-40
8769,-30
8770,-40
8771,-40
8772,-40
8773,-40
8774,-35
8775,-40
8776,-40
8777,-40
8778,-40
8779,-35
8780,-40
8781,-35
8782,-35
8783,-25
8784,-30
8785,-35
8786,-35
8787,-40
8788,-40
8789,-40
8790,-35
8791,-35
8792,-40
8793,-40
8794,-20
8795,-30
8796,-35
8797,-40
8798,-40
8799,-35
8800,-40
8801,-40
8802,-5
8803,-40
8804,-40
8805,-40
8806,-40
8807,-40
8808,-30
8809,-40
8810,-40
8811,-40
8812,-40
8813,-35
8814,-40
8815,-35
8816,-40
8817,-40
8818,-40
8819,-40
8820,-40
8821,-40
8822,-40
8823,-40
8824,-40
8825,-35
8826,-40
8827,-40
8828,-40
8829,-35
8830,-35
8831,-35
8832,-40
8833,-40
8834,-40
8835,-40
8836,-35
8837,-40
8838,-40
8839,-40
8840,-40
8841,-40
8842,-40
8843,5
8844,-40
8845,-40
8846,-40
8847,-40
8848,-40
8849,-30
8850,-40
8851,-35
8852,-40
8853,-35
8854,-40
8855,-40
8856,-40
8857,-15
8858,-35
8859,-40
8860,-30
8861,-40
8862,-35
8863,-40
8864,-40
8865,-40
8866,-35
8867,-20
8868,-35
8869,-40
8870,-40
8871,-40
8872,-30
8873,-40
8874,-40
8875,-40
8876,-40
8877,-40
8878,-35
8879,-40
8880,-40
8881,-40
8882,-40
8883,-30
8884,-40
8885,-40
8886,-40
8887,-40
8888,-40
8889,-40
8890,-5
8891,-35
8892,-35
8893,-40
8894,-40
8895,-35
8896,-40
8897,-35
8898,-40
8899,-40
8900,-30
8901,-40
8902,-30
8903,-35
8904,-35
8905,-40
8906,-40
8907,-40
8908,-40
8909,-40
8910,-40
8911,-30
8912,-40
8913,-40
8914,-40
8915,-40
8916,-40
8917,-40
8918,-35
8919,-40
8920,-40
8921,-40
8922,-40
8923,-40
8924,-40
8925,-40
8926,-35
8927,-35
8928,-40
8929,-40
8930,-20
8931,-35
8932,-40
8933,-35
8934,-35
8935,-20
8936,-30
8937,-35
8938,-30
8939,-35
8940,-35
8941,-40
8942,-40
8943,-40
8944,-20
8945,-30
8946,-40
8947,-40
8948,-30
8949,-35
8950,-30
8951,-25
8952,-5
8953,-40
8954,-40
8955,-40
8956,-40
8957,-40
8958,-30
8959,-40
8960,-30
8961,-35
8962,-40
8963,-40
8964,-40
8965,-35
8966,-40
8967,-40
8968,-40
8969,-40
8970,-40
8971,-40
8972,-30
8973,-40
8974,-40
8975,-35
8976,-40
8977,-40
8978,-40
8979,-40
8980,-35
8981,-40
8982,-40
8983,-35
8984,-35
8985,-35
8986,-40
8987,-40
8988,-40
8989,-40
8990,-40
8991,-40
8992,-35
8993,-40
8994,-35
8995,-40
8996,-40
8997,-40
8998,-40
8999,-5
9000,-40
9001,-30
9002,-30
9003,-40
9004,-40
9005,-40
9006,-40
9007,-40
9008,-40
9009,-40
9010,-35
9011,-30
9012,-40
9013,-40
9014,-40
9015,-40
9016,-40
9017,-40
9018,-40
9019,-30
9020,-30
9021,-40
9022,-35
9023,-40
9024,-40
9025,-40
9026,-30
9027,-35
9028,-40
9029,-30
9030,-35
9031,-35
9032,-40
9033,-20
9034,-30
9035,-40
9036,-40
9037,-40
9038,-30
9039,-35
9040,5
9041,-40
9042,-40
9043,-40
9044,-40
9045,-35
9046,-30
9047,-40
9048,-40
9049,-40
9050,-25
9051,-35
9052,-40
9053,-20
9054,-35
9055,-30
9056,-40
9057,-35
9058,-5
9059,-25
9060,-5
9061,-35
9062,-30
9063,-40
9064,-40
9065,-40
9066,-40
9067,-35
9068,-30
9069,-40
9070,-30
9071,-40
9072,-40
9073,-35
9074,-35
9075,-40
9076,-40
9077,-40
9078,-30
9079,-35
9080,-40
9081,-35
9082,-40
9083,-40
9084,-35
9085,-40
9086,-40
9087,-40
9088,-40
9089,-30
9090,-40
9091,-40
9092,-40
9093,-30
9094,-40
9095,-40
9096,-30
9097,-35
9098,-40
9099,-30
9100,-40
9101,-40
9102,-40
9103,-35
9104,-40
9105,-40
9106,-40
9107,-40
9108,-40
9109,-40
9110,-40
9111,-35
9112,-40
9113,-35
9114,-35
9115,-20
9116,-40
9117,-40
9118,-20
9119,-40
9120,-40
9121,-40
9122,-40
9123,-40
9124,-40
9125,-40
9126,-35
9127,-40
9128,-25
9129,-40
9130,-30
9131,-40
9132,-40
9133,-40
9134,-40
9135,-40
9136,-40
9137,-40
9138,-35
9139,-25
9140,-40
9141,-40
9142,-40
9143,-35
9144,-40
9145,-40
9146,-40
9147,-30
9148,-40
9149,-40
9150,-40
9151,-40
9152,-40
9153,-30
9154,-40
9155,-35
9156,-35
9157,-35
9158,-35
9159,-40
9160,-40
9161,-40
9162,-40
9163,-40
9164,-40
9165,-35
9166,-40
9167,-35
9168,-35
9169,-30
9170,-30
9171,-40
9172,-35
9173,-35
9174,-35
9175,-40
9176,-40
9177,-25
9178,-35
9179,-25
9180,-5
9181,-35
9182,-40
9183,-5
9184,-35
9185,-40
9186,-40
9187,-30
9188,-40
9189,-40
9190,-35
9191,-35
9192,-25
9193,-40
9194,-40
9195,-30
9196,-5
9197,-35
9198,-40
9199,-40
9200,-40
9201,-40
9202,-40
9203,-35
9204,-40
9205,-40
9206,-25
9207,-40
9208,-40
9209,-40
9210,-40
9211,-40
9212,-25
9213,-40
9214,-40
9215,-30
9216,-40
9217,-40
9218,-40
9219,-40
9220,-40
9221,-30
9222,-30
9223,-30
9224,-40
9225,-40
9226,-30
9227,-20
9228,-40
9229,-40
9230,-40
9231,-30
9232,-35
9233,-35
9234,-40
9235,-40
9236,-40
9237,-35
9238,-40
9239,-35
9240,-40
9241,-40
9242,-40
9243,-35
9244,-5
9245,-40
9246,-40
9247,-40
9248,-40
9249,-40
9250,-40
9251,-40
9252,-35
9253,-35
9254,-35
9255,-5
9256,-40
9257,-40
9258,-40
9259,-35
9260,-40
9261,-40
9262,-40
9263,-35
9264,-40
9265,-40
9266,-40
9267,-40
9268,-35
9269,-35
9270,-40
9271,-30
9272,-40
9273,-35
9274,-35
9275,-35
9276,-40
9277,-30
9278,-40
9279,-40
9280,-35
9281,-40
9282,-40
9283,-30
9284,-40
9285,-35
9286,-35
9287,-40
9288,-40
9289,-40
9290,-30
9291,-35
9292,-30
9293,-25
9294,-35
9295,-40
9296,-25
9297,-30
9298,-40
9299,-40
9300,-35
9301,-40
9302,-40
9303,-30
9304,-40
9305,5
9306,-40
9307,-40
9308,-40
9309,-30
9310,-40
9311,-35
9312,-35
9313,-30
9314,-30
9315,-35
9316,-40
9317,-40
9318,-40
9319,-40
9320,-30
9321,5
9322,-35
9323,-30
9324,-30
9325,-35
9326,-40
9327,-30
9328,-30
9329,-40
9330,-35
9331,-40
9332,-40
9333,-40
9334,-35
9335,-40
9336,-40
9337,-40
9338,-40
9339,-40
9340,-30
9341,-35
9342,-30
9343,5
9344,-30
9345,-40
9346,-35
9347,-40
9348,-40
9349,-30
9350,-40
9351,-40
9352,-35
9353,-40
9354,-40
9355,-35
9356,-40
9357,-40
9358,-40
9359,-40
9360,-35
9361,-25
9362,-40
9363,-35
9364,-40
9365,-30
9366,-40
9367,-40
9368,-25
9369,-35
9370,-35
9371,-40
9372,-40
9373,-15
9374,-35
9375,-40
9376,-40
9377,-40
9378,-40
9379,-35
9380,-40
9381,-40
9382,-40
9383,-35
9384,-30
9385,-40
9386,-40
9387,-40
9388,-40
9389,-30
9390,-40
9391,-35
9392,-40
9393,-40
9394,-40
9395,-40
9396,-40
9397,-35
9398,-35
9399,-40
9400,-40
9401,-40
9402,-30
9403,-40
9404,-40
9405,-40
9406,-35
9407,-40
9408,-25
9409,-40
9410,-25
9411,-40
9412,-40
9413,-30
9414,-40
9415,-40
9416,5
9417,-40
9418,-30
9419,-35
9420,-40
9421,-35
9422,-30
9423,-40
9424,-40
9425,-40
9426,-40
9427,-40
9428,-35
9429,-40
9430,-40
9431,-30
9432,-40
9433,-40
9434,-40
9435,-40
9436,-40
9437,-25
9438,-40
9439,-40
9440,-40
9441,-40
9442,-40
9443,-35
9444,-35
9445,-40
9446,-40
9447,-40
9448,-40
9449,-40
9450,-40
9451,-40
9452,-40
9453,-40
9454,-40
9455,-35
9456,-40
9457,-40
9458,10
9459,-40
9460,-40
9461,-40
9462,-40
9463,-40
9464,-30
9465,-40
9466,-30
9467,-40
9468,-40
9469,-40
9470,-40
9471,-25
9472,-40
9473,-35
9474,-40
9475,-40
9476,-40
9477,-30
9478,-40
9479,-25
9480,-40
9481,-40
9482,-40
9483,-35
9484,-40
9485,-40
9486,-40
9487,-40
9488,-40
9489,-30
9490,-40
9491,-40
9492,-30
9493,-40
9494,-40
9495,-40
9496,-35
9497,-35
9498,-40
9499,-40
9500,-35
9501,-40
9502,-40
9503,-35
9504,-40
9505,-40
9506,-40
9507,-30
9508,-35
9509,-40
9510,-40
9511,-35
9512,-40
9513,-40
9514,-40
9515,-40
9516,-40
9517,-30
9518,-40
9519,-40
9520,-30
9521,-40
9522,-40
9523,-30
9524,-30
9525,-40
9526,-40
9527,-40
9528,-40
9529,-35
9530,-40
9531,-40
9532,-30
9533,-40
9534,-40
9535,-40
9536,-40
9537,-40
9538,-40
9539,-40
9540,-35
9541,-40
9542,-35
9543,-40
9544,-35
9545,-25
9546,-40
9547,-25
9548,-40
9549,-40
9550,-35
9551,-40
9552,-30
9553,-40
9554,-40
9555,-35
9556,-35
9557,-35
9558,-40
9559,-40
9560,-40
9561,-40
9562,-40
9563,-40
9564,-35
9565,-40
9566,-30
9567,-30
9568,-30
9569,-40
9570,-40
9571,-40
9572,-30
9573,-40
9574,-40
9575,-15
9576,-40
9577,-40
9578,-30
9579,-40
9580,-15
9581,-25
9582,-35
9583,-35
9584,-40
9585,-40
9586,-40
9587,-35
9588,-40
9589,-30
9590,-40
9591,-40
9592,-35
9593,-35
9594,-30
9595,-40
9596,-40
9597,-40
9598,-40
9599,-5
9600,-40
9601,-40
9602,-40
9603,-30
9604,-40
9605,-40
9606,-40
9607,-40
9608,-40
9609,-40
9610,-30
9611,-30
9612,-40
9613,-40
9614,-40
9615,-40
9616,-40
9617,-40
9618,-35
9619,-35
9620,-40
9621,-40
9622,-30
9623,-35
9624,-35
9625,-40
9626,-35
9627,-35
9628,-25
9629,-35
9630,-40
9631,-40
9632,-35
9633,-40
9634,-40
9635,-40
9636,-40
9637,-35
9638,-40
9639,-35
9640,-30
9641,-35
9642,10
9643,-40
9644,-40
9645,-40
9646,-40
9647,-40
9648,-40
9649,-40
9650,-30
9651,-40
9652,-30
9653,-40
9654,-40
9655,-40
9656,-40
9657,-40
9658,-40
9659,-40
9660,-35
9661,-40
9662,-40
9663,-40
9664,-40
9665,-40
9666,-40
9667,-40
9668,-15
9669,-35
9670,-40
9671,5
9672,-35
9673,-40
9674,-40
9675,-40
9676,-40
9677,-40
9678,-40
9679,-40
9680,-25
9681,-40
9682,-40
9683,-40
9684,-35
9685,-40
9686,-40
9687,-40
9688,-40
9689,-30
9690,-40
9691,-40
9692,-40
9693,-35
9694,-40
9695,-40
9696,-40
9697,-35
9698,-40
9699,-30
9700,-35
9701,-35
9702,-40
9703,-40
9704,-40
9705,-35
9706,-30
9707,-40
9708,-30
9709,-30
9710,-40
9711,-30
9712,-30
9713,-40
9714,-40
9715,-35
9716,-40
9717,-35
9718,-30
9719,-40
9720,-40
9721,-30
9722,-40
9723,-40
9724,-35
9725,-40
9726,-40
9727,-35
9728,-40
9729,-40
9730,-40
9731,-40
9732,-40
9733,-40
9734,-40
9735,-35
9736,-40
9737,-40
9738,-35
9739,-40
9740,-40
9741,-40
9742,-30
9743,-40
9744,-40
9745,-30
9746,-40
9747,-30
9748,-40
9749,-30
9750,-40
9751,-30
9752,-30
9753,-5
9754,-40
9755,-40
9756,-30
9757,-40
9758,-40
9759,-35
9760,-40
9761,-40
9762,-40
9763,-35
9764,-25
9765,-30
9766,-35
9767,-30
9768,-40
9769,-40
9770,-35
9771,-40
9772,-40
9773,-40
9774,-40
9775,-30
9776,-40
9777,-40
9778,-40
9779,-40
9780,-35
9781,-40
9782,-40
9783,-30
9784,-35
9785,-40
9786,-35
9787,-35
9788,-40
9789,-40
9790,-40
9791,-40
9792,-40
9793,-35
9794,-35
9795,-40
9796,-35
9797,-35
9798,-40
9799,-40
9800,-40
9801,-40
9802,-40
9803,-40
9804,-40
9805,-40
9806,-40
9807,-40
9808,-40
9809,-40
9810,-40
9811,-40
9812,-40
9813,-40
9814,-40
9815,-40
9816,-40
9817,-30
9818,-40
9819,-40
9820,-40
9821,-30
9822,-40
9823,-40
9824,-30
9825,-30
9826,-35
9827,-40
9828,-35
9829,-40
9830,-40
9831,-35
9832,-35
9833,-40
9834,-40
9835,-35
9836,-35
9837,-30
9838,-40
9839,-30
9840,-40
9841,-40
9842,-35
9843,-40
9844,-30
9845,-40
9846,-35
9847,-35
9848,-40
9849,-15
9850,-40
9851,-40
9852,-40
9853,-40
9854,-35
9855,-30
9856,-40
9857,-30
9858,-40
9859,-40
9860,-40
9861,-40
9862,-35
9863,-35
9864,-35
9865,-40
9866,-40
9867,-40
9868,-40
9869,-40
9870,-40
9871,-40
9872,-40
9873,-40
9874,-40
9875,-35
9876,-40
9877,-40
9878,-40
9879,-40
9880,-40
9881,5
9882,-40
9883,-35
9884,-40
9885,-30
9886,-40
9887,-40
9888,-40
9889,-40
9890,-30
9891,-40
9892,-30
9893,-35
9894,-40
9895,-35
9896,-40
9897,-30
9898,-40
9899,-40
9900,-35
9901,-35
9902,-40
9903,-40
9904,-25
9905,-30
9906,-40
9907,-40
9908,-40
9909,-40
9910,-40
9911,-40
9912,-40
9913,-40
9914,-25
9915,-40
9916,-40
9917,-30
9918,-40
9919,-35
9920,-35
9921,-35
9922,-35
9923,-40
9924,-40
9925,-40
9926,-40
9927,-30
9928,-20
9929,-35
9930,-40
9931,-35
9932,-40
9933,-40
9934,-40
9935,-35
9936,-30
9937,-40
9938,-40
9939,-40
9940,-40
9941,-40
9942,-40
9943,-35
9944,-40
9945,-40
9946,-40
9947,-40
9948,-30
9949,-20
9950,-40
9951,-40
9952,-40
9953,-30
9954,-40
9955,-40
9956,-40
9957,-40
9958,-30
9959,-40
9960,-35
9961,-30
9962,-40
9963,-30
9964,-35
9965,-40
9966,-40
9967,-30
9968,-40
9969,-40
9970,-40
9971,-40
9972,-40
9973,-30
9974,-40
9975,-30
9976,-35
9977,-40
9978,-30
9979,-40
9980,-35
9981,-40
9982,-20
9983,-35
9984,-40
9985,-40
9986,-35
9987,-30
9988,-40
9989,-40
9990,-40
9991,-15
9992,-35
9993,-30
9994,-30
9995,-40
9996,-40
9997,-40
9998,-30
9999,-40
